team_key,player_key
1,1
1,2
2,3
2,4
3,5
3,6
4,7
4,8
5,9
5,10
6,11
6,12
7,13
7,14
8,15
8,16
9,17
9,18
10,19
10,20
11,21
11,22
12,23
12,24
13,25
13,26
14,27
14,28
15,29
15,30
16,31
16,32
17,33
17,34
18,35
18,36
19,37
19,38
20,39
20,40
21,41
21,42
22,43
22,44
23,45
23,46
24,47
24,48
25,49
25,50
26,51
26,52
27,53
27,54
28,55
28,56
29,57
29,58
30,59
30,60
31,61
31,62
32,63
32,64
33,65
33,66
34,67
34,68
35,69
35,70
36,71
36,72
37,73
37,74
38,75
38,76
39,77
39,78
40,79
40,80
41,81
41,82
42,83
42,84
43,85
43,86
44,87
44,88
45,89
45,90
46,91
46,92
47,93
47,94
48,95
48,96
49,97
50,98
51,99
52,100
53,101
54,102
55,103
56,17
57,104
58,105
59,106
60,107
61,108
62,12
63,109
64,110
65,19
66,111
67,112
68,113
69,114
70,115
71,116
72,117
73,118
74,119
75,120
76,121
77,122
78,123
79,124
80,125
81,126
82,127
83,128
84,129
85,130
86,131
87,132
88,133
89,134
90,135
91,136
92,137
93,138
94,139
95,140
96,141
97,142
98,143
99,144
100,145
101,146
102,147
103,148
104,149
105,150
106,151
107,152
108,153
109,18
110,154
111,155
112,156
113,157
113,158
114,159
114,160
115,161
115,162
116,163
116,164
117,34
117,165
118,166
118,167
119,119
119,168
120,40
120,169
121,56
121,170
122,171
122,172
123,173
123,174
124,66
124,175
125,176
125,177
126,178
126,179
127,180
127,181
128,182
128,183
129,184
129,185
130,186
130,187
131,152
131,188
132,189
132,190
133,191
133,192
134,193
134,194
135,195
135,196
136,197
136,198
137,199
137,200
138,201
138,202
139,79
139,203
140,16
140,204
141,205
141,206
142,207
142,208
143,209
143,210
144,211
144,212
145,45
145,213
146,214
146,215
147,72
147,216
148,217
148,218
149,93
149,219
150,38
150,220
151,221
151,222
152,67
152,223
153,224
153,225
154,226
154,227
155,39
155,228
156,229
156,230
157,231
157,232
158,233
158,234
159,235
159,236
160,237
160,238
161,239
161,240
162,241
162,242
163,243
163,244
164,245
164,246
165,247
165,248
166,249
166,250
167,251
167,252
168,253
168,254
169,255
169,256
170,170
170,257
171,258
171,259
172,260
172,261
173,262
173,263
174,264
174,265
175,206
175,266
176,267
176,268
177,269
177,270
178,271
178,272
179,169
179,273
180,274
180,275
181,276
181,277
182,212
182,278
183,279
183,280
184,281
184,282
185,283
185,284
186,285
186,286
187,287
187,288
188,204
188,289
189,290
189,291
190,292
190,293
191,294
191,295
192,296
192,297
193,194
193,298
194,299
194,300
195,301
195,302
196,189
196,303
197,304
197,305
198,306
198,307
199,308
199,309
200,310
200,311
201,223
201,312
202,313
202,314
203,315
203,316
204,317
204,318
205,319
205,320
206,321
206,322
207,323
207,324
208,325
208,326
209,327
209,328
210,329
211,330
212,331
213,332
214,333
215,334
216,335
217,336
218,337
219,338
220,339
221,340
222,341
223,342
224,343
225,344
226,345
227,346
228,347
229,348
230,349
231,296
232,350
233,351
234,279
235,352
236,353
237,354
238,309
239,355
240,356
241,357
242,358
243,359
244,360
245,361
246,362
247,363
248,278
249,364
250,365
251,212
252,366
253,367
254,368
255,369
256,370
257,371
258,372
259,373
260,374
261,375
262,376
263,377
264,378
265,379
266,380
267,381
268,382
269,383
270,384
271,385
272,386
273,387
274,210
274,388
275,389
275,390
276,391
276,392
277,393
277,394
278,395
278,396
279,397
279,398
280,399
280,400
281,401
281,402
282,403
282,404
283,405
283,406
284,407
284,408
285,409
285,410
286,15
286,411
287,412
287,413
288,414
288,415
289,416
289,417
290,77
290,418
291,419
291,420
292,421
292,422
293,47
293,423
294,424
295,425
296,426
297,427
298,428
299,429
300,430
301,431
302,432
303,433
304,434
305,435
306,436
307,437
308,438
309,439
310,440
311,441
312,442
313,443
313,444
314,445
314,446
315,447
315,448
316,54
316,359
317,449
317,450
318,65
318,451
319,452
319,453
320,454
320,455
321,187
321,456
322,55
322,457
323,204
323,458
324,459
324,460
325,461
325,462
326,463
326,464
327,465
327,466
328,255
328,396
329,467
329,468
330,469
330,470
331,471
331,472
332,473
332,474
333,82
333,253
334,475
334,476
335,477
335,478
336,479
336,480
337,322
337,481
338,308
338,482
339,67
339,483
340,484
340,485
341,486
341,487
342,488
342,489
343,490
343,491
344,175
344,451
345,492
345,493
346,494
346,495
347,496
347,497
348,498
348,499
349,500
349,501
350,281
350,480
351,502
351,503
352,504
352,505
353,506
353,507
354,470
354,508
355,509
355,510
356,511
356,512
357,286
357,513
358,209
358,514
359,203
359,515
360,516
360,517
361,518
361,519
362,249
362,520
363,521
363,522
364,523
364,524
365,525
365,526
366,527
366,528
367,529
368,519
369,530
370,531
371,532
372,533
373,534
374,535
375,536
376,537
377,538
378,168
379,539
380,540
381,541
382,542
383,543
384,544
385,545
