result_key,match_id,tournament_key,event_key,round_key,team_key,opponent_team_key,team_seed,opponent_seed,is_winner,games_won,games_lost,points_won,points_lost,games_played,deciding_game_played,deuce_games,is_upset,result_type,bracket_section
1,2025-MD-B01-S2-M01,1,3,2,1,2,1,5,1,2,0,42,15,2,0,0,0,Completed,Finals
2,2025-MD-B01-S2-M01,1,3,2,2,1,5,1,0,0,2,15,42,2,0,0,0,Completed,Finals
3,2025-MD-B01-S2-M02,1,3,2,3,4,11,9,1,2,1,60,52,3,1,0,1,Completed,Finals
4,2025-MD-B01-S2-M02,1,3,2,4,3,9,11,0,1,2,52,60,3,1,0,1,Completed,Finals
5,2025-MD-B01-S1-M01,1,3,1,1,3,1,11,1,2,0,42,29,2,0,0,0,Completed,Finals
6,2025-MD-B01-S1-M01,1,3,1,3,1,11,1,0,0,2,29,42,2,0,0,0,Completed,Finals
7,2025-MD-B02-S6-M02,1,3,6,5,6,,,1,2,0,42,22,2,0,0,0,Completed,Top half > Section 1
8,2025-MD-B02-S6-M02,1,3,6,6,5,,,0,0,2,22,42,2,0,0,0,Completed,Top half > Section 1
9,2025-MD-B02-S6-M04,1,3,6,7,8,,,1,2,0,42,31,2,0,0,0,Completed,Top half > Section 1
10,2025-MD-B02-S6-M04,1,3,6,8,7,,,0,0,2,31,42,2,0,0,0,Completed,Top half > Section 1
11,2025-MD-B02-S6-M06,1,3,6,9,10,,,1,2,0,42,29,2,0,0,0,Completed,Top half > Section 1
12,2025-MD-B02-S6-M06,1,3,6,10,9,,,0,0,2,29,42,2,0,0,0,Completed,Top half > Section 1
13,2025-MD-B02-S6-M08,1,3,6,11,12,,,1,2,0,44,38,2,0,1,0,Completed,Top half > Section 1
14,2025-MD-B02-S6-M08,1,3,6,12,11,,,0,0,2,38,44,2,0,1,0,Completed,Top half > Section 1
15,2025-MD-B02-S5-M01,1,3,5,1,5,1,,1,2,0,42,29,2,0,0,0,Completed,Top half > Section 1
16,2025-MD-B02-S5-M01,1,3,5,5,1,,1,0,0,2,29,42,2,0,0,0,Completed,Top half > Section 1
17,2025-MD-B02-S5-M02,1,3,5,13,7,10,,1,2,0,42,17,2,0,0,0,Completed,Top half > Section 1
18,2025-MD-B02-S5-M02,1,3,5,7,13,,10,0,0,2,17,42,2,0,0,0,Completed,Top half > Section 1
19,2025-MD-B02-S5-M03,1,3,5,14,9,7,,1,2,1,55,55,3,1,0,0,Completed,Top half > Section 1
20,2025-MD-B02-S5-M03,1,3,5,9,14,,7,0,1,2,55,55,3,1,0,0,Completed,Top half > Section 1
21,2025-MD-B02-S5-M04,1,3,5,15,11,14,,1,2,0,42,34,2,0,0,0,Completed,Top half > Section 1
22,2025-MD-B02-S5-M04,1,3,5,11,15,,14,0,0,2,34,42,2,0,0,0,Completed,Top half > Section 1
23,2025-MD-B02-S4-M01,1,3,4,1,13,1,10,1,2,1,59,34,3,1,0,0,Completed,Top half > Section 1
24,2025-MD-B02-S4-M01,1,3,4,13,1,10,1,0,1,2,34,59,3,1,0,0,Completed,Top half > Section 1
25,2025-MD-B02-S4-M02,1,3,4,14,15,7,14,1,2,0,42,36,2,0,0,0,Completed,Top half > Section 1
26,2025-MD-B02-S4-M02,1,3,4,15,14,14,7,0,0,2,36,42,2,0,0,0,Completed,Top half > Section 1
27,2025-MD-B02-S3-M01,1,3,3,1,14,1,7,1,2,1,65,59,3,1,2,0,Completed,Top half > Section 1
28,2025-MD-B02-S3-M01,1,3,3,14,1,7,1,0,1,2,59,65,3,1,2,0,Completed,Top half > Section 1
29,2025-MD-B03-S6-M02,1,3,6,16,17,,,1,2,0,42,31,2,0,0,0,Completed,Top half > Section 2
30,2025-MD-B03-S6-M02,1,3,6,17,16,,,0,0,2,31,42,2,0,0,0,Completed,Top half > Section 2
31,2025-MD-B03-S6-M04,1,3,6,18,19,,,0,0,2,25,42,2,0,0,0,Completed,Top half > Section 2
32,2025-MD-B03-S6-M04,1,3,6,19,18,,,1,2,0,42,25,2,0,0,0,Completed,Top half > Section 2
33,2025-MD-B03-S6-M06,1,3,6,20,21,,,1,2,0,42,32,2,0,0,0,Completed,Top half > Section 2
34,2025-MD-B03-S6-M06,1,3,6,21,20,,,0,0,2,32,42,2,0,0,0,Completed,Top half > Section 2
35,2025-MD-B03-S6-M08,1,3,6,22,23,,,1,2,0,42,28,2,0,0,0,Completed,Top half > Section 2
36,2025-MD-B03-S6-M08,1,3,6,23,22,,,0,0,2,28,42,2,0,0,0,Completed,Top half > Section 2
37,2025-MD-B03-S5-M01,1,3,5,24,16,4,,1,2,1,57,52,3,1,1,0,Completed,Top half > Section 2
38,2025-MD-B03-S5-M01,1,3,5,16,24,,4,0,1,2,52,57,3,1,1,0,Completed,Top half > Section 2
39,2025-MD-B03-S5-M02,1,3,5,25,19,13,,1,2,0,42,26,2,0,0,0,Completed,Top half > Section 2
40,2025-MD-B03-S5-M02,1,3,5,19,25,,13,0,0,2,26,42,2,0,0,0,Completed,Top half > Section 2
41,2025-MD-B03-S5-M03,1,3,5,2,20,5,,1,2,0,42,22,2,0,0,0,Completed,Top half > Section 2
42,2025-MD-B03-S5-M03,1,3,5,20,2,,5,0,0,2,22,42,2,0,0,0,Completed,Top half > Section 2
43,2025-MD-B03-S5-M04,1,3,5,26,22,15,,1,2,0,42,33,2,0,0,0,Completed,Top half > Section 2
44,2025-MD-B03-S5-M04,1,3,5,22,26,,15,0,0,2,33,42,2,0,0,0,Completed,Top half > Section 2
45,2025-MD-B03-S4-M01,1,3,4,24,25,4,13,0,1,2,49,55,3,1,0,1,Completed,Top half > Section 2
46,2025-MD-B03-S4-M01,1,3,4,25,24,13,4,1,2,1,55,49,3,1,0,1,Completed,Top half > Section 2
47,2025-MD-B03-S4-M02,1,3,4,2,26,5,15,1,2,0,42,28,2,0,0,0,Completed,Top half > Section 2
48,2025-MD-B03-S4-M02,1,3,4,26,2,15,5,0,0,2,28,42,2,0,0,0,Completed,Top half > Section 2
49,2025-MD-B03-S3-M01,1,3,3,25,2,13,5,0,1,2,57,58,3,1,0,0,Completed,Top half > Section 2
50,2025-MD-B03-S3-M01,1,3,3,2,25,5,13,1,2,1,58,57,3,1,0,0,Completed,Top half > Section 2
51,2025-MD-B04-S6-M01,1,3,6,27,28,,,1,2,1,62,53,3,1,1,0,Completed,Bottom half > Section 3
52,2025-MD-B04-S6-M01,1,3,6,28,27,,,0,1,2,53,62,3,1,1,0,Completed,Bottom half > Section 3
53,2025-MD-B04-S6-M03,1,3,6,29,30,,,0,0,2,29,42,2,0,0,0,Completed,Bottom half > Section 3
54,2025-MD-B04-S6-M03,1,3,6,30,29,,,1,2,0,42,29,2,0,0,0,Completed,Bottom half > Section 3
55,2025-MD-B04-S6-M05,1,3,6,31,32,,,1,2,0,43,36,2,0,1,0,Completed,Bottom half > Section 3
56,2025-MD-B04-S6-M05,1,3,6,32,31,,,0,0,2,36,43,2,0,1,0,Completed,Bottom half > Section 3
57,2025-MD-B04-S6-M07,1,3,6,33,34,,,1,2,0,43,32,2,0,1,0,Completed,Bottom half > Section 3
58,2025-MD-B04-S6-M07,1,3,6,34,33,,,0,0,2,32,43,2,0,1,0,Completed,Bottom half > Section 3
59,2025-MD-B04-S5-M01,1,3,5,27,3,,11,0,0,2,26,42,2,0,0,0,Completed,Bottom half > Section 3
60,2025-MD-B04-S5-M01,1,3,5,3,27,11,,1,2,0,42,26,2,0,0,0,Completed,Bottom half > Section 3
61,2025-MD-B04-S5-M02,1,3,5,30,35,,8,1,2,1,65,63,3,1,1,1,Completed,Bottom half > Section 3
62,2025-MD-B04-S5-M02,1,3,5,35,30,8,,0,1,2,63,65,3,1,1,1,Completed,Bottom half > Section 3
63,2025-MD-B04-S5-M03,1,3,5,31,36,,16,0,0,2,23,42,2,0,0,0,Completed,Bottom half > Section 3
64,2025-MD-B04-S5-M03,1,3,5,36,31,16,,1,2,0,42,23,2,0,0,0,Completed,Bottom half > Section 3
65,2025-MD-B04-S5-M04,1,3,5,33,37,,3,0,1,2,48,61,3,1,0,0,Completed,Bottom half > Section 3
66,2025-MD-B04-S5-M04,1,3,5,37,33,3,,1,2,1,61,48,3,1,0,0,Completed,Bottom half > Section 3
67,2025-MD-B04-S4-M01,1,3,4,3,30,11,,1,2,0,43,37,2,0,1,0,Completed,Bottom half > Section 3
68,2025-MD-B04-S4-M01,1,3,4,30,3,,11,0,0,2,37,43,2,0,1,0,Completed,Bottom half > Section 3
69,2025-MD-B04-S4-M02,1,3,4,36,37,16,3,1,2,1,60,62,3,1,2,1,Completed,Bottom half > Section 3
70,2025-MD-B04-S4-M02,1,3,4,37,36,3,16,0,1,2,62,60,3,1,2,1,Completed,Bottom half > Section 3
71,2025-MD-B04-S3-M01,1,3,3,3,36,11,16,1,2,0,42,29,2,0,0,0,Completed,Bottom half > Section 3
72,2025-MD-B04-S3-M01,1,3,3,36,3,16,11,0,0,2,29,42,2,0,0,0,Completed,Bottom half > Section 3
73,2025-MD-B05-S6-M01,1,3,6,38,39,,,1,2,0,42,20,2,0,0,0,Completed,Bottom half > Section 4
74,2025-MD-B05-S6-M01,1,3,6,39,38,,,0,0,2,20,42,2,0,0,0,Completed,Bottom half > Section 4
75,2025-MD-B05-S6-M03,1,3,6,40,41,,,0,0,2,30,42,2,0,0,0,Completed,Bottom half > Section 4
76,2025-MD-B05-S6-M03,1,3,6,41,40,,,1,2,0,42,30,2,0,0,0,Completed,Bottom half > Section 4
77,2025-MD-B05-S6-M05,1,3,6,42,43,,,0,0,2,18,42,2,0,0,0,Completed,Bottom half > Section 4
78,2025-MD-B05-S6-M05,1,3,6,43,42,,,1,2,0,42,18,2,0,0,0,Completed,Bottom half > Section 4
79,2025-MD-B05-S6-M07,1,3,6,44,45,,,0,0,2,28,42,2,0,0,0,Completed,Bottom half > Section 4
80,2025-MD-B05-S6-M07,1,3,6,45,44,,,1,2,0,42,28,2,0,0,0,Completed,Bottom half > Section 4
81,2025-MD-B05-S5-M01,1,3,5,38,4,,9,0,0,2,33,43,2,0,1,0,Completed,Bottom half > Section 4
82,2025-MD-B05-S5-M01,1,3,5,4,38,9,,1,2,0,43,33,2,0,1,0,Completed,Bottom half > Section 4
83,2025-MD-B05-S5-M02,1,3,5,41,46,,6,0,0,2,35,42,2,0,0,0,Completed,Bottom half > Section 4
84,2025-MD-B05-S5-M02,1,3,5,46,41,6,,1,2,0,42,35,2,0,0,0,Completed,Bottom half > Section 4
85,2025-MD-B05-S5-M03,1,3,5,43,47,,12,1,2,0,42,30,2,0,0,1,Completed,Bottom half > Section 4
86,2025-MD-B05-S5-M03,1,3,5,47,43,12,,0,0,2,30,42,2,0,0,1,Completed,Bottom half > Section 4
87,2025-MD-B05-S5-M04,1,3,5,45,48,,2,0,0,2,31,42,2,0,0,0,Completed,Bottom half > Section 4
88,2025-MD-B05-S5-M04,1,3,5,48,45,2,,1,2,0,42,31,2,0,0,0,Completed,Bottom half > Section 4
89,2025-MD-B05-S4-M01,1,3,4,4,46,9,6,1,2,1,61,53,3,1,0,1,Completed,Bottom half > Section 4
90,2025-MD-B05-S4-M01,1,3,4,46,4,6,9,0,1,2,53,61,3,1,0,1,Completed,Bottom half > Section 4
91,2025-MD-B05-S4-M02,1,3,4,43,48,,2,0,1,2,63,65,3,1,1,0,Completed,Bottom half > Section 4
92,2025-MD-B05-S4-M02,1,3,4,48,43,2,,1,2,1,65,63,3,1,1,0,Completed,Bottom half > Section 4
93,2025-MD-B05-S3-M01,1,3,3,4,48,9,2,1,2,0,42,31,2,0,0,1,Completed,Bottom half > Section 4
94,2025-MD-B05-S3-M01,1,3,3,48,4,2,9,0,0,2,31,42,2,0,0,1,Completed,Bottom half > Section 4
95,2025-MS-B01-S2-M01,1,1,2,49,50,1,,1,2,1,56,57,3,1,1,0,Completed,Finals
96,2025-MS-B01-S2-M01,1,1,2,50,49,,1,0,1,2,57,56,3,1,1,0,Completed,Finals
97,2025-MS-B01-S2-M02,1,1,2,51,52,3,2,1,2,0,42,32,2,0,0,1,Completed,Finals
98,2025-MS-B01-S2-M02,1,1,2,52,51,2,3,0,0,2,32,42,2,0,0,1,Completed,Finals
99,2025-MS-B01-S1-M01,1,1,1,49,51,1,3,1,2,1,61,49,3,1,0,0,Completed,Finals
100,2025-MS-B01-S1-M01,1,1,1,51,49,3,1,0,1,2,49,61,3,1,0,0,Completed,Finals
101,2025-MS-B02-S6-M01,1,1,6,49,53,1,,1,2,0,42,36,2,0,0,0,Completed,Top half > Section 1
102,2025-MS-B02-S6-M01,1,1,6,53,49,,1,0,0,2,36,42,2,0,0,0,Completed,Top half > Section 1
103,2025-MS-B02-S6-M02,1,1,6,54,55,,,0,1,2,50,59,3,1,1,0,Completed,Top half > Section 1
104,2025-MS-B02-S6-M02,1,1,6,55,54,,,1,2,1,59,50,3,1,1,0,Completed,Top half > Section 1
105,2025-MS-B02-S6-M03,1,1,6,56,57,10,,1,2,0,42,31,2,0,0,0,Completed,Top half > Section 1
106,2025-MS-B02-S6-M03,1,1,6,57,56,,10,0,0,2,31,42,2,0,0,0,Completed,Top half > Section 1
107,2025-MS-B02-S6-M04,1,1,6,58,59,,,1,2,1,58,43,3,1,0,0,Completed,Top half > Section 1
108,2025-MS-B02-S6-M04,1,1,6,59,58,,,0,1,2,43,58,3,1,0,0,Completed,Top half > Section 1
109,2025-MS-B02-S6-M05,1,1,6,60,61,7,,1,2,0,43,30,2,0,1,0,Completed,Top half > Section 1
110,2025-MS-B02-S6-M05,1,1,6,61,60,,7,0,0,2,30,43,2,0,1,0,Completed,Top half > Section 1
111,2025-MS-B02-S6-M06,1,1,6,62,63,,,0,1,2,51,58,3,1,0,0,Completed,Top half > Section 1
112,2025-MS-B02-S6-M06,1,1,6,63,62,,,1,2,1,58,51,3,1,0,0,Completed,Top half > Section 1
113,2025-MS-B02-S6-M07,1,1,6,64,65,16,,1,2,0,42,19,2,0,0,0,Completed,Top half > Section 1
114,2025-MS-B02-S6-M07,1,1,6,65,64,,16,0,0,2,19,42,2,0,0,0,Completed,Top half > Section 1
115,2025-MS-B02-S6-M08,1,1,6,66,67,,,1,2,0,45,33,2,0,1,0,Completed,Top half > Section 1
116,2025-MS-B02-S6-M08,1,1,6,67,66,,,0,0,2,33,45,2,0,1,0,Completed,Top half > Section 1
117,2025-MS-B02-S5-M01,1,1,5,49,55,1,,1,2,0,42,26,2,0,0,0,Completed,Top half > Section 1
118,2025-MS-B02-S5-M01,1,1,5,55,49,,1,0,0,2,26,42,2,0,0,0,Completed,Top half > Section 1
119,2025-MS-B02-S5-M02,1,1,5,56,58,10,,1,2,0,42,31,2,0,0,0,Completed,Top half > Section 1
120,2025-MS-B02-S5-M02,1,1,5,58,56,,10,0,0,2,31,42,2,0,0,0,Completed,Top half > Section 1
121,2025-MS-B02-S5-M03,1,1,5,60,63,7,,1,2,0,42,30,2,0,0,0,Completed,Top half > Section 1
122,2025-MS-B02-S5-M03,1,1,5,63,60,,7,0,0,2,30,42,2,0,0,0,Completed,Top half > Section 1
123,2025-MS-B02-S5-M04,1,1,5,64,66,16,,1,2,0,42,32,2,0,0,0,Completed,Top half > Section 1
124,2025-MS-B02-S5-M04,1,1,5,66,64,,16,0,0,2,32,42,2,0,0,0,Completed,Top half > Section 1
125,2025-MS-B02-S4-M01,1,1,4,49,56,1,10,1,2,1,62,53,3,1,1,0,Completed,Top half > Section 1
126,2025-MS-B02-S4-M01,1,1,4,56,49,10,1,0,1,2,53,62,3,1,1,0,Completed,Top half > Section 1
127,2025-MS-B02-S4-M02,1,1,4,60,64,7,16,0,0,2,30,42,2,0,0,1,Completed,Top half > Section 1
128,2025-MS-B02-S4-M02,1,1,4,64,60,16,7,1,2,0,42,30,2,0,0,1,Completed,Top half > Section 1
129,2025-MS-B02-S3-M01,1,1,3,49,64,1,16,1,2,1,49,46,3,1,0,0,Completed,Top half > Section 1
130,2025-MS-B02-S3-M01,1,1,3,64,49,16,1,0,1,2,46,49,3,1,0,0,Completed,Top half > Section 1
131,2025-MS-B03-S6-M01,1,1,6,68,69,4,,0,1,2,47,61,3,1,0,1,Completed,Top half > Section 2
132,2025-MS-B03-S6-M01,1,1,6,69,68,,4,1,2,1,61,47,3,1,0,1,Completed,Top half > Section 2
133,2025-MS-B03-S6-M02,1,1,6,70,71,,,0,0,2,28,42,2,0,0,0,Completed,Top half > Section 2
134,2025-MS-B03-S6-M02,1,1,6,71,70,,,1,2,0,42,28,2,0,0,0,Completed,Top half > Section 2
135,2025-MS-B03-S6-M03,1,1,6,72,73,11,,1,2,1,59,55,3,1,1,0,Completed,Top half > Section 2
136,2025-MS-B03-S6-M03,1,1,6,73,72,,11,0,1,2,55,59,3,1,1,0,Completed,Top half > Section 2
137,2025-MS-B03-S6-M04,1,1,6,50,74,,,1,2,0,42,15,2,0,0,0,Completed,Top half > Section 2
138,2025-MS-B03-S6-M04,1,1,6,74,50,,,0,0,2,15,42,2,0,0,0,Completed,Top half > Section 2
139,2025-MS-B03-S6-M05,1,1,6,75,76,8,,1,2,0,42,17,2,0,0,0,Completed,Top half > Section 2
140,2025-MS-B03-S6-M05,1,1,6,76,75,,8,0,0,2,17,42,2,0,0,0,Completed,Top half > Section 2
141,2025-MS-B03-S6-M06,1,1,6,77,78,,,0,0,2,27,42,2,0,0,0,Completed,Top half > Section 2
142,2025-MS-B03-S6-M06,1,1,6,78,77,,,1,2,0,42,27,2,0,0,0,Completed,Top half > Section 2
143,2025-MS-B03-S6-M07,1,1,6,79,80,9,,1,2,0,42,27,2,0,0,0,Completed,Top half > Section 2
144,2025-MS-B03-S6-M07,1,1,6,80,79,,9,0,0,2,27,42,2,0,0,0,Completed,Top half > Section 2
145,2025-MS-B03-S6-M08,1,1,6,81,82,,,0,1,2,52,52,3,1,0,0,Completed,Top half > Section 2
146,2025-MS-B03-S6-M08,1,1,6,82,81,,,1,2,1,52,52,3,1,0,0,Completed,Top half > Section 2
147,2025-MS-B03-S5-M01,1,1,5,69,71,,,0,0,2,21,42,2,0,0,0,Completed,Top half > Section 2
148,2025-MS-B03-S5-M01,1,1,5,71,69,,,1,2,0,42,21,2,0,0,0,Completed,Top half > Section 2
149,2025-MS-B03-S5-M02,1,1,5,72,50,11,,0,1,2,43,55,3,1,0,1,Completed,Top half > Section 2
150,2025-MS-B03-S5-M02,1,1,5,50,72,,11,1,2,1,55,43,3,1,0,1,Completed,Top half > Section 2
151,2025-MS-B03-S5-M03,1,1,5,75,78,8,,1,2,0,42,32,2,0,0,0,Completed,Top half > Section 2
152,2025-MS-B03-S5-M03,1,1,5,78,75,,8,0,0,2,32,42,2,0,0,0,Completed,Top half > Section 2
153,2025-MS-B03-S5-M04,1,1,5,79,82,9,,1,2,0,42,28,2,0,0,0,Completed,Top half > Section 2
154,2025-MS-B03-S5-M04,1,1,5,82,79,,9,0,0,2,28,42,2,0,0,0,Completed,Top half > Section 2
155,2025-MS-B03-S4-M01,1,1,4,71,50,,,0,0,2,30,42,2,0,0,0,Completed,Top half > Section 2
156,2025-MS-B03-S4-M01,1,1,4,50,71,,,1,2,0,42,30,2,0,0,0,Completed,Top half > Section 2
157,2025-MS-B03-S4-M02,1,1,4,75,79,8,9,0,1,2,59,47,3,1,0,1,Completed,Top half > Section 2
158,2025-MS-B03-S4-M02,1,1,4,79,75,9,8,1,2,1,47,59,3,1,0,1,Completed,Top half > Section 2
159,2025-MS-B03-S3-M01,1,1,3,50,79,,9,1,2,0,43,38,2,0,1,1,Completed,Top half > Section 2
160,2025-MS-B03-S3-M01,1,1,3,79,50,9,,0,0,2,38,43,2,0,1,1,Completed,Top half > Section 2
161,2025-MS-B04-S6-M01,1,1,6,83,84,,,0,1,2,55,61,3,1,0,0,Completed,Bottom half > Section 3
162,2025-MS-B04-S6-M01,1,1,6,84,83,,,1,2,1,61,55,3,1,0,0,Completed,Bottom half > Section 3
163,2025-MS-B04-S6-M02,1,1,6,85,86,,13,0,0,2,26,42,2,0,0,0,Completed,Bottom half > Section 3
164,2025-MS-B04-S6-M02,1,1,6,86,85,13,,1,2,0,42,26,2,0,0,0,Completed,Bottom half > Section 3
165,2025-MS-B04-S6-M03,1,1,6,87,88,,,0,0,2,37,42,2,0,0,0,Completed,Bottom half > Section 3
166,2025-MS-B04-S6-M03,1,1,6,88,87,,,1,2,0,42,37,2,0,0,0,Completed,Bottom half > Section 3
167,2025-MS-B04-S6-M04,1,1,6,89,90,,5,0,0,2,20,42,2,0,0,0,Completed,Bottom half > Section 3
168,2025-MS-B04-S6-M04,1,1,6,90,89,5,,1,2,0,42,20,2,0,0,0,Completed,Bottom half > Section 3
169,2025-MS-B04-S6-M05,1,1,6,91,92,,,1,2,0,43,33,2,0,1,0,Completed,Bottom half > Section 3
170,2025-MS-B04-S6-M05,1,1,6,92,91,,,0,0,2,33,43,2,0,1,0,Completed,Bottom half > Section 3
171,2025-MS-B04-S6-M06,1,1,6,93,94,,12,0,1,2,53,59,3,1,0,0,Completed,Bottom half > Section 3
172,2025-MS-B04-S6-M06,1,1,6,94,93,12,,1,2,1,59,53,3,1,0,0,Completed,Bottom half > Section 3
173,2025-MS-B04-S6-M07,1,1,6,95,96,,,0,1,2,52,61,3,1,0,0,Completed,Bottom half > Section 3
174,2025-MS-B04-S6-M07,1,1,6,96,95,,,1,2,1,61,52,3,1,0,0,Completed,Bottom half > Section 3
175,2025-MS-B04-S6-M08,1,1,6,97,51,,3,0,0,2,28,42,2,0,0,0,Completed,Bottom half > Section 3
176,2025-MS-B04-S6-M08,1,1,6,51,97,3,,1,2,0,42,28,2,0,0,0,Completed,Bottom half > Section 3
177,2025-MS-B04-S5-M01,1,1,5,84,86,,13,0,0,2,37,44,2,0,1,0,Completed,Bottom half > Section 3
178,2025-MS-B04-S5-M01,1,1,5,86,84,13,,1,2,0,44,37,2,0,1,0,Completed,Bottom half > Section 3
179,2025-MS-B04-S5-M02,1,1,5,88,90,,5,0,0,2,26,42,2,0,0,0,Completed,Bottom half > Section 3
180,2025-MS-B04-S5-M02,1,1,5,90,88,5,,1,2,0,42,26,2,0,0,0,Completed,Bottom half > Section 3
181,2025-MS-B04-S5-M03,1,1,5,91,94,,12,1,2,0,43,37,2,0,1,1,Completed,Bottom half > Section 3
182,2025-MS-B04-S5-M03,1,1,5,94,91,12,,0,0,2,37,43,2,0,1,1,Completed,Bottom half > Section 3
183,2025-MS-B04-S5-M04,1,1,5,96,51,,3,0,0,2,25,42,2,0,0,0,Completed,Bottom half > Section 3
184,2025-MS-B04-S5-M04,1,1,5,51,96,3,,1,2,0,42,25,2,0,0,0,Completed,Bottom half > Section 3
185,2025-MS-B04-S4-M01,1,1,4,86,90,13,5,0,0,2,28,42,2,0,0,0,Completed,Bottom half > Section 3
186,2025-MS-B04-S4-M01,1,1,4,90,86,5,13,1,2,0,42,28,2,0,0,0,Completed,Bottom half > Section 3
187,2025-MS-B04-S4-M02,1,1,4,91,51,,3,0,1,2,59,61,3,1,1,0,Completed,Bottom half > Section 3
188,2025-MS-B04-S4-M02,1,1,4,51,91,3,,1,2,1,61,59,3,1,1,0,Completed,Bottom half > Section 3
189,2025-MS-B04-S3-M01,1,1,3,90,51,5,3,0,1,2,43,60,3,1,0,0,Completed,Bottom half > Section 3
190,2025-MS-B04-S3-M01,1,1,3,51,90,3,5,1,2,1,60,43,3,1,0,0,Completed,Bottom half > Section 3
191,2025-MS-B05-S6-M01,1,1,6,98,99,,,1,2,0,42,26,2,0,0,0,Completed,Bottom half > Section 4
192,2025-MS-B05-S6-M01,1,1,6,99,98,,,0,0,2,26,42,2,0,0,0,Completed,Bottom half > Section 4
193,2025-MS-B05-S6-M02,1,1,6,100,101,,14,0,0,2,25,42,2,0,0,0,Completed,Bottom half > Section 4
194,2025-MS-B05-S6-M02,1,1,6,101,100,14,,1,2,0,42,25,2,0,0,0,Completed,Bottom half > Section 4
195,2025-MS-B05-S6-M03,1,1,6,102,103,,,0,1,2,42,59,3,1,0,0,Completed,Bottom half > Section 4
196,2025-MS-B05-S6-M03,1,1,6,103,102,,,1,2,1,59,42,3,1,0,0,Completed,Bottom half > Section 4
197,2025-MS-B05-S6-M04,1,1,6,104,105,,6,0,0,0,0,0,0,0,0,0,Walkover,Bottom half > Section 4
198,2025-MS-B05-S6-M04,1,1,6,105,104,6,,1,0,0,0,0,0,0,0,0,Walkover,Bottom half > Section 4
199,2025-MS-B05-S6-M05,1,1,6,106,107,,,1,2,0,44,32,2,0,1,0,Completed,Bottom half > Section 4
200,2025-MS-B05-S6-M05,1,1,6,107,106,,,0,0,2,32,44,2,0,1,0,Completed,Bottom half > Section 4
201,2025-MS-B05-S6-M06,1,1,6,108,109,,15,0,1,2,62,65,3,1,1,0,Completed,Bottom half > Section 4
202,2025-MS-B05-S6-M06,1,1,6,109,108,15,,1,2,1,65,62,3,1,1,0,Completed,Bottom half > Section 4
203,2025-MS-B05-S6-M07,1,1,6,110,111,,,0,0,2,33,42,2,0,0,0,Completed,Bottom half > Section 4
204,2025-MS-B05-S6-M07,1,1,6,111,110,,,1,2,0,42,33,2,0,0,0,Completed,Bottom half > Section 4
205,2025-MS-B05-S6-M08,1,1,6,112,52,,2,0,0,2,31,42,2,0,0,0,Completed,Bottom half > Section 4
206,2025-MS-B05-S6-M08,1,1,6,52,112,2,,1,2,0,42,31,2,0,0,0,Completed,Bottom half > Section 4
207,2025-MS-B05-S5-M01,1,1,5,98,101,,14,0,1,2,57,63,3,1,1,0,Completed,Bottom half > Section 4
208,2025-MS-B05-S5-M01,1,1,5,101,98,14,,1,2,1,63,57,3,1,1,0,Completed,Bottom half > Section 4
209,2025-MS-B05-S5-M02,1,1,5,103,105,,6,0,0,2,26,42,2,0,0,0,Completed,Bottom half > Section 4
210,2025-MS-B05-S5-M02,1,1,5,105,103,6,,1,2,0,42,26,2,0,0,0,Completed,Bottom half > Section 4
211,2025-MS-B05-S5-M03,1,1,5,106,109,,15,0,0,2,26,42,2,0,0,0,Completed,Bottom half > Section 4
212,2025-MS-B05-S5-M03,1,1,5,109,106,15,,1,2,0,42,26,2,0,0,0,Completed,Bottom half > Section 4
213,2025-MS-B05-S5-M04,1,1,5,111,52,,2,0,1,2,49,61,3,1,1,0,Completed,Bottom half > Section 4
214,2025-MS-B05-S5-M04,1,1,5,52,111,2,,1,2,1,61,49,3,1,1,0,Completed,Bottom half > Section 4
215,2025-MS-B05-S4-M01,1,1,4,101,105,14,6,0,1,2,49,58,3,1,0,0,Completed,Bottom half > Section 4
216,2025-MS-B05-S4-M01,1,1,4,105,101,6,14,1,2,1,58,49,3,1,0,0,Completed,Bottom half > Section 4
217,2025-MS-B05-S4-M02,1,1,4,109,52,15,2,0,1,2,47,62,3,1,1,0,Completed,Bottom half > Section 4
218,2025-MS-B05-S4-M02,1,1,4,52,109,2,15,1,2,1,62,47,3,1,1,0,Completed,Bottom half > Section 4
219,2025-MS-B05-S3-M01,1,1,3,105,52,6,2,0,0,2,38,44,2,0,1,0,Completed,Bottom half > Section 4
220,2025-MS-B05-S3-M01,1,1,3,52,105,2,6,1,2,0,44,38,2,0,1,0,Completed,Bottom half > Section 4
221,2025-XD-B01-S2-M01,1,5,2,113,114,8,4,0,0,2,34,42,2,0,0,0,Completed,Finals
222,2025-XD-B01-S2-M01,1,5,2,114,113,4,8,1,2,0,42,34,2,0,0,0,Completed,Finals
223,2025-XD-B01-S2-M02,1,5,2,115,116,7,2,0,1,2,60,55,3,1,1,0,Completed,Finals
224,2025-XD-B01-S2-M02,1,5,2,116,115,2,7,1,2,1,55,60,3,1,1,0,Completed,Finals
225,2025-XD-B01-S1-M01,1,5,1,114,116,4,2,1,2,0,42,29,2,0,0,1,Completed,Finals
226,2025-XD-B01-S1-M01,1,5,1,116,114,2,4,0,0,2,29,42,2,0,0,1,Completed,Finals
227,2025-XD-B02-S6-M02,1,5,6,117,118,,,0,0,2,18,42,2,0,0,0,Completed,Top half > Section 1
228,2025-XD-B02-S6-M02,1,5,6,118,117,,,1,2,0,42,18,2,0,0,0,Completed,Top half > Section 1
229,2025-XD-B02-S6-M04,1,5,6,119,120,,,0,0,2,20,42,2,0,0,0,Completed,Top half > Section 1
230,2025-XD-B02-S6-M04,1,5,6,120,119,,,1,2,0,42,20,2,0,0,0,Completed,Top half > Section 1
231,2025-XD-B02-S6-M06,1,5,6,121,122,,,1,2,0,42,33,2,0,0,0,Completed,Top half > Section 1
232,2025-XD-B02-S6-M06,1,5,6,122,121,,,0,0,2,33,42,2,0,0,0,Completed,Top half > Section 1
233,2025-XD-B02-S6-M08,1,5,6,123,124,,,1,2,0,42,21,2,0,0,0,Completed,Top half > Section 1
234,2025-XD-B02-S6-M08,1,5,6,124,123,,,0,0,2,21,42,2,0,0,0,Completed,Top half > Section 1
235,2025-XD-B02-S5-M01,1,5,5,125,118,1,,0,1,2,52,56,3,1,0,1,Completed,Top half > Section 1
236,2025-XD-B02-S5-M01,1,5,5,118,125,,1,1,2,1,56,52,3,1,0,1,Completed,Top half > Section 1
237,2025-XD-B02-S5-M02,1,5,5,126,120,12,,1,2,0,45,39,2,0,1,0,Completed,Top half > Section 1
238,2025-XD-B02-S5-M02,1,5,5,120,126,,12,0,0,2,39,45,2,0,1,0,Completed,Top half > Section 1
239,2025-XD-B02-S5-M03,1,5,5,113,121,8,,1,2,0,42,24,2,0,0,0,Completed,Top half > Section 1
240,2025-XD-B02-S5-M03,1,5,5,121,113,,8,0,0,2,24,42,2,0,0,0,Completed,Top half > Section 1
241,2025-XD-B02-S5-M04,1,5,5,127,123,14,,0,0,2,34,42,2,0,0,1,Completed,Top half > Section 1
242,2025-XD-B02-S5-M04,1,5,5,123,127,,14,1,2,0,42,34,2,0,0,1,Completed,Top half > Section 1
243,2025-XD-B02-S4-M01,1,5,4,118,126,,12,0,0,2,33,44,2,0,1,0,Completed,Top half > Section 1
244,2025-XD-B02-S4-M01,1,5,4,126,118,12,,1,2,0,44,33,2,0,1,0,Completed,Top half > Section 1
245,2025-XD-B02-S4-M02,1,5,4,113,123,8,,1,2,1,61,52,3,1,0,0,Completed,Top half > Section 1
246,2025-XD-B02-S4-M02,1,5,4,123,113,,8,0,1,2,52,61,3,1,0,0,Completed,Top half > Section 1
247,2025-XD-B02-S3-M01,1,5,3,126,113,12,8,0,0,2,37,42,2,0,0,0,Completed,Top half > Section 1
248,2025-XD-B02-S3-M01,1,5,3,113,126,8,12,1,2,0,42,37,2,0,0,0,Completed,Top half > Section 1
249,2025-XD-B03-S6-M02,1,5,6,128,129,,,0,1,2,55,60,3,1,0,0,Completed,Top half > Section 2
250,2025-XD-B03-S6-M02,1,5,6,129,128,,,1,2,1,60,55,3,1,0,0,Completed,Top half > Section 2
251,2025-XD-B03-S6-M04,1,5,6,130,131,,,1,2,0,42,17,2,0,0,0,Completed,Top half > Section 2
252,2025-XD-B03-S6-M04,1,5,6,131,130,,,0,0,2,17,42,2,0,0,0,Completed,Top half > Section 2
253,2025-XD-B03-S6-M06,1,5,6,132,133,,,0,1,2,52,56,3,1,0,0,Completed,Top half > Section 2
254,2025-XD-B03-S6-M06,1,5,6,133,132,,,1,2,1,56,52,3,1,0,0,Completed,Top half > Section 2
255,2025-XD-B03-S6-M08,1,5,6,134,135,,,1,2,0,42,20,2,0,0,0,Completed,Top half > Section 2
256,2025-XD-B03-S6-M08,1,5,6,135,134,,,0,0,2,20,42,2,0,0,0,Completed,Top half > Section 2
257,2025-XD-B03-S5-M01,1,5,5,114,129,4,,1,2,0,42,27,2,0,0,0,Completed,Top half > Section 2
258,2025-XD-B03-S5-M01,1,5,5,129,114,,4,0,0,2,27,42,2,0,0,0,Completed,Top half > Section 2
259,2025-XD-B03-S5-M02,1,5,5,136,130,11,,1,2,0,43,39,2,0,1,0,Completed,Top half > Section 2
260,2025-XD-B03-S5-M02,1,5,5,130,136,,11,0,0,2,39,43,2,0,1,0,Completed,Top half > Section 2
261,2025-XD-B03-S5-M03,1,5,5,137,133,5,,1,2,0,42,30,2,0,0,0,Completed,Top half > Section 2
262,2025-XD-B03-S5-M03,1,5,5,133,137,,5,0,0,2,30,42,2,0,0,0,Completed,Top half > Section 2
263,2025-XD-B03-S5-M04,1,5,5,138,134,16,,1,2,0,42,27,2,0,0,0,Completed,Top half > Section 2
264,2025-XD-B03-S5-M04,1,5,5,134,138,,16,0,0,2,27,42,2,0,0,0,Completed,Top half > Section 2
265,2025-XD-B03-S4-M01,1,5,4,114,136,4,11,1,2,1,56,57,3,1,0,0,Completed,Top half > Section 2
266,2025-XD-B03-S4-M01,1,5,4,136,114,11,4,0,1,2,57,56,3,1,0,0,Completed,Top half > Section 2
267,2025-XD-B03-S4-M02,1,5,4,137,138,5,16,0,1,2,48,61,3,1,0,1,Completed,Top half > Section 2
268,2025-XD-B03-S4-M02,1,5,4,138,137,16,5,1,2,1,61,48,3,1,0,1,Completed,Top half > Section 2
269,2025-XD-B03-S3-M01,1,5,3,114,138,4,16,1,2,0,42,28,2,0,0,0,Completed,Top half > Section 2
270,2025-XD-B03-S3-M01,1,5,3,138,114,16,4,0,0,2,28,42,2,0,0,0,Completed,Top half > Section 2
271,2025-XD-B04-S6-M01,1,5,6,139,140,,,0,1,2,55,61,3,1,0,0,Completed,Bottom half > Section 3
272,2025-XD-B04-S6-M01,1,5,6,140,139,,,1,2,1,61,55,3,1,0,0,Completed,Bottom half > Section 3
273,2025-XD-B04-S6-M03,1,5,6,141,142,,,1,2,0,42,16,2,0,0,0,Completed,Bottom half > Section 3
274,2025-XD-B04-S6-M03,1,5,6,142,141,,,0,0,2,16,42,2,0,0,0,Completed,Bottom half > Section 3
275,2025-XD-B04-S6-M05,1,5,6,143,144,,,1,2,0,42,26,2,0,0,0,Completed,Bottom half > Section 3
276,2025-XD-B04-S6-M05,1,5,6,144,143,,,0,0,2,26,42,2,0,0,0,Completed,Bottom half > Section 3
277,2025-XD-B04-S6-M07,1,5,6,145,146,,,0,0,2,28,42,2,0,0,0,Completed,Bottom half > Section 3
278,2025-XD-B04-S6-M07,1,5,6,146,145,,,1,2,0,42,28,2,0,0,0,Completed,Bottom half > Section 3
279,2025-XD-B04-S5-M01,1,5,5,140,147,,13,0,0,2,33,42,2,0,0,0,Completed,Bottom half > Section 3
280,2025-XD-B04-S5-M01,1,5,5,147,140,13,,1,2,0,42,33,2,0,0,0,Completed,Bottom half > Section 3
281,2025-XD-B04-S5-M02,1,5,5,141,115,,7,0,0,2,26,42,2,0,0,0,Completed,Bottom half > Section 3
282,2025-XD-B04-S5-M02,1,5,5,115,141,7,,1,2,0,42,26,2,0,0,0,Completed,Bottom half > Section 3
283,2025-XD-B04-S5-M03,1,5,5,143,148,,9,0,0,2,27,42,2,0,0,0,Completed,Bottom half > Section 3
284,2025-XD-B04-S5-M03,1,5,5,148,143,9,,1,2,0,42,27,2,0,0,0,Completed,Bottom half > Section 3
285,2025-XD-B04-S5-M04,1,5,5,146,149,,3,0,0,2,30,42,2,0,0,0,Completed,Bottom half > Section 3
286,2025-XD-B04-S5-M04,1,5,5,149,146,3,,1,2,0,42,30,2,0,0,0,Completed,Bottom half > Section 3
287,2025-XD-B04-S4-M01,1,5,4,147,115,13,7,0,0,2,23,42,2,0,0,0,Completed,Bottom half > Section 3
288,2025-XD-B04-S4-M01,1,5,4,115,147,7,13,1,2,0,42,23,2,0,0,0,Completed,Bottom half > Section 3
289,2025-XD-B04-S4-M02,1,5,4,148,149,9,3,1,2,1,50,56,3,1,0,1,Completed,Bottom half > Section 3
290,2025-XD-B04-S4-M02,1,5,4,149,148,3,9,0,1,2,56,50,3,1,0,1,Completed,Bottom half > Section 3
291,2025-XD-B04-S3-M01,1,5,3,115,148,7,9,1,2,0,42,23,2,0,0,0,Completed,Bottom half > Section 3
292,2025-XD-B04-S3-M01,1,5,3,148,115,9,7,0,0,2,23,42,2,0,0,0,Completed,Bottom half > Section 3
293,2025-XD-B05-S6-M01,1,5,6,150,151,,,1,2,0,42,18,2,0,0,0,Completed,Bottom half > Section 4
294,2025-XD-B05-S6-M01,1,5,6,151,150,,,0,0,2,18,42,2,0,0,0,Completed,Bottom half > Section 4
295,2025-XD-B05-S6-M03,1,5,6,152,153,,,1,2,1,56,48,3,1,0,0,Completed,Bottom half > Section 4
296,2025-XD-B05-S6-M03,1,5,6,153,152,,,0,1,2,48,56,3,1,0,0,Completed,Bottom half > Section 4
297,2025-XD-B05-S6-M05,1,5,6,154,155,,,1,2,0,42,30,2,0,0,0,Completed,Bottom half > Section 4
298,2025-XD-B05-S6-M05,1,5,6,155,154,,,0,0,2,30,42,2,0,0,0,Completed,Bottom half > Section 4
299,2025-XD-B05-S6-M07,1,5,6,156,157,,,0,1,2,51,59,3,1,0,0,Completed,Bottom half > Section 4
300,2025-XD-B05-S6-M07,1,5,6,157,156,,,1,2,1,59,51,3,1,0,0,Completed,Bottom half > Section 4
301,2025-XD-B05-S5-M01,1,5,5,150,158,,15,0,1,2,43,60,3,1,0,0,Completed,Bottom half > Section 4
302,2025-XD-B05-S5-M01,1,5,5,158,150,15,,1,2,1,60,43,3,1,0,0,Completed,Bottom half > Section 4
303,2025-XD-B05-S5-M02,1,5,5,152,159,,6,0,0,2,34,42,2,0,0,0,Completed,Bottom half > Section 4
304,2025-XD-B05-S5-M02,1,5,5,159,152,6,,1,2,0,42,34,2,0,0,0,Completed,Bottom half > Section 4
305,2025-XD-B05-S5-M03,1,5,5,154,160,,10,0,0,2,35,42,2,0,0,0,Completed,Bottom half > Section 4
306,2025-XD-B05-S5-M03,1,5,5,160,154,10,,1,2,0,42,35,2,0,0,0,Completed,Bottom half > Section 4
307,2025-XD-B05-S5-M04,1,5,5,157,116,,2,0,1,2,49,60,3,1,0,0,Completed,Bottom half > Section 4
308,2025-XD-B05-S5-M04,1,5,5,116,157,2,,1,2,1,60,49,3,1,0,0,Completed,Bottom half > Section 4
309,2025-XD-B05-S4-M01,1,5,4,158,159,15,6,1,2,1,57,59,3,1,1,1,Completed,Bottom half > Section 4
310,2025-XD-B05-S4-M01,1,5,4,159,158,6,15,0,1,2,59,57,3,1,1,1,Completed,Bottom half > Section 4
311,2025-XD-B05-S4-M02,1,5,4,160,116,10,2,0,0,2,26,42,2,0,0,0,Completed,Bottom half > Section 4
312,2025-XD-B05-S4-M02,1,5,4,116,160,2,10,1,2,0,42,26,2,0,0,0,Completed,Bottom half > Section 4
313,2025-XD-B05-S3-M01,1,5,3,158,116,15,2,0,0,2,38,46,2,0,1,0,Completed,Bottom half > Section 4
314,2025-XD-B05-S3-M01,1,5,3,116,158,2,15,1,2,0,46,38,2,0,1,0,Completed,Bottom half > Section 4
315,2025-WD-B01-S2-M01,1,4,2,161,162,1,9,1,2,0,42,19,2,0,0,0,Completed,Finals
316,2025-WD-B01-S2-M01,1,4,2,162,161,9,1,0,0,2,19,42,2,0,0,0,Completed,Finals
317,2025-WD-B01-S2-M02,1,4,2,163,164,3,2,0,1,2,46,56,3,1,0,0,Completed,Finals
318,2025-WD-B01-S2-M02,1,4,2,164,163,2,3,1,2,1,56,46,3,1,0,0,Completed,Finals
319,2025-WD-B01-S1-M01,1,4,1,161,164,1,2,1,2,1,62,53,3,1,1,0,Completed,Finals
320,2025-WD-B01-S1-M01,1,4,1,164,161,2,1,0,1,2,53,62,3,1,1,0,Completed,Finals
321,2025-WD-B02-S6-M02,1,4,6,165,166,,,1,2,1,56,47,3,1,0,0,Completed,Top half > Section 1
322,2025-WD-B02-S6-M02,1,4,6,166,165,,,0,1,2,47,56,3,1,0,0,Completed,Top half > Section 1
323,2025-WD-B02-S6-M04,1,4,6,167,168,,,0,0,2,23,42,2,0,0,0,Completed,Top half > Section 1
324,2025-WD-B02-S6-M04,1,4,6,168,167,,,1,2,0,42,23,2,0,0,0,Completed,Top half > Section 1
325,2025-WD-B02-S6-M06,1,4,6,169,170,,,1,2,0,42,37,2,0,0,0,Completed,Top half > Section 1
326,2025-WD-B02-S6-M06,1,4,6,170,169,,,0,0,2,37,42,2,0,0,0,Completed,Top half > Section 1
327,2025-WD-B02-S6-M08,1,4,6,171,172,,,1,2,0,42,19,2,0,0,0,Completed,Top half > Section 1
328,2025-WD-B02-S6-M08,1,4,6,172,171,,,0,0,2,19,42,2,0,0,0,Completed,Top half > Section 1
329,2025-WD-B02-S5-M01,1,4,5,161,165,1,,1,2,0,42,12,2,0,0,0,Completed,Top half > Section 1
330,2025-WD-B02-S5-M01,1,4,5,165,161,,1,0,0,2,12,42,2,0,0,0,Completed,Top half > Section 1
331,2025-WD-B02-S5-M02,1,4,5,173,168,14,,1,2,0,42,26,2,0,0,0,Completed,Top half > Section 1
332,2025-WD-B02-S5-M02,1,4,5,168,173,,14,0,0,2,26,42,2,0,0,0,Completed,Top half > Section 1
333,2025-WD-B02-S5-M03,1,4,5,174,169,6,,1,2,0,42,8,2,0,0,0,Completed,Top half > Section 1
334,2025-WD-B02-S5-M03,1,4,5,169,174,,6,0,0,2,8,42,2,0,0,0,Completed,Top half > Section 1
335,2025-WD-B02-S5-M04,1,4,5,175,176,13,,1,2,0,42,28,2,0,0,0,Completed,Top half > Section 1
336,2025-WD-B02-S5-M04,1,4,5,176,175,,13,0,0,2,28,42,2,0,0,0,Completed,Top half > Section 1
337,2025-WD-B02-S4-M01,1,4,4,161,173,1,14,1,2,0,42,23,2,0,0,0,Completed,Top half > Section 1
338,2025-WD-B02-S4-M01,1,4,4,173,161,14,1,0,0,2,23,42,2,0,0,0,Completed,Top half > Section 1
339,2025-WD-B02-S4-M02,1,4,4,174,175,6,13,1,2,0,42,29,2,0,0,0,Completed,Top half > Section 1
340,2025-WD-B02-S4-M02,1,4,4,175,174,13,6,0,0,2,29,42,2,0,0,0,Completed,Top half > Section 1
341,2025-WD-B02-S3-M01,1,4,3,161,174,1,6,1,2,1,61,46,3,1,0,0,Completed,Top half > Section 1
342,2025-WD-B02-S3-M01,1,4,3,174,161,6,1,0,1,2,46,61,3,1,0,0,Completed,Top half > Section 1
343,2025-WD-B03-S6-M02,1,4,6,177,178,,,0,0,2,33,42,2,0,0,0,Completed,Top half > Section 2
344,2025-WD-B03-S6-M02,1,4,6,178,177,,,1,2,0,42,33,2,0,0,0,Completed,Top half > Section 2
345,2025-WD-B03-S6-M04,1,4,6,179,180,,,1,2,0,42,15,2,0,0,0,Completed,Top half > Section 2
346,2025-WD-B03-S6-M04,1,4,6,180,179,,,0,0,2,15,42,2,0,0,0,Completed,Top half > Section 2
347,2025-WD-B03-S6-M06,1,4,6,181,182,,,0,0,2,18,42,2,0,0,0,Completed,Top half > Section 2
348,2025-WD-B03-S6-M06,1,4,6,182,181,,,1,2,0,42,18,2,0,0,0,Completed,Top half > Section 2
349,2025-WD-B03-S6-M08,1,4,6,183,184,,,0,0,2,16,42,2,0,0,0,Completed,Top half > Section 2
350,2025-WD-B03-S6-M08,1,4,6,184,183,,,1,2,0,42,16,2,0,0,0,Completed,Top half > Section 2
351,2025-WD-B03-S5-M01,1,4,5,185,178,4,,1,2,1,59,49,3,1,0,0,Completed,Top half > Section 2
352,2025-WD-B03-S5-M01,1,4,5,178,185,,4,0,1,2,49,59,3,1,0,0,Completed,Top half > Section 2
353,2025-WD-B03-S5-M02,1,4,5,186,179,10,,1,2,0,42,31,2,0,0,0,Completed,Top half > Section 2
354,2025-WD-B03-S5-M02,1,4,5,179,186,,10,0,0,2,31,42,2,0,0,0,Completed,Top half > Section 2
355,2025-WD-B03-S5-M03,1,4,5,187,182,7,,1,2,0,42,27,2,0,0,0,Completed,Top half > Section 2
356,2025-WD-B03-S5-M03,1,4,5,182,187,,7,0,0,2,27,42,2,0,0,0,Completed,Top half > Section 2
357,2025-WD-B03-S5-M04,1,4,5,162,184,9,,1,2,0,42,18,2,0,0,0,Completed,Top half > Section 2
358,2025-WD-B03-S5-M04,1,4,5,184,162,,9,0,0,2,18,42,2,0,0,0,Completed,Top half > Section 2
359,2025-WD-B03-S4-M01,1,4,4,185,186,4,10,0,0,2,31,42,2,0,0,1,Completed,Top half > Section 2
360,2025-WD-B03-S4-M01,1,4,4,186,185,10,4,1,2,0,42,31,2,0,0,1,Completed,Top half > Section 2
361,2025-WD-B03-S4-M02,1,4,4,187,162,7,9,0,0,2,34,42,2,0,0,1,Completed,Top half > Section 2
362,2025-WD-B03-S4-M02,1,4,4,162,187,9,7,1,2,0,42,34,2,0,0,1,Completed,Top half > Section 2
363,2025-WD-B03-S3-M01,1,4,3,186,162,10,9,0,0,2,31,42,2,0,0,0,Completed,Top half > Section 2
364,2025-WD-B03-S3-M01,1,4,3,162,186,9,10,1,2,0,42,31,2,0,0,0,Completed,Top half > Section 2
365,2025-WD-B04-S6-M01,1,4,6,188,189,,,1,2,1,56,56,3,1,0,0,Completed,Bottom half > Section 3
366,2025-WD-B04-S6-M01,1,4,6,189,188,,,0,1,2,56,56,3,1,0,0,Completed,Bottom half > Section 3
367,2025-WD-B04-S6-M03,1,4,6,190,191,,,0,0,2,23,42,2,0,0,0,Completed,Bottom half > Section 3
368,2025-WD-B04-S6-M03,1,4,6,191,190,,,1,2,0,42,23,2,0,0,0,Completed,Bottom half > Section 3
369,2025-WD-B04-S6-M05,1,4,6,192,193,,,1,2,0,42,17,2,0,0,0,Completed,Bottom half > Section 3
370,2025-WD-B04-S6-M05,1,4,6,193,192,,,0,0,2,17,42,2,0,0,0,Completed,Bottom half > Section 3
371,2025-WD-B04-S6-M07,1,4,6,194,195,,,1,0,0,0,0,0,0,0,0,Walkover,Bottom half > Section 3
372,2025-WD-B04-S6-M07,1,4,6,195,194,,,0,0,0,0,0,0,0,0,0,Walkover,Bottom half > Section 3
373,2025-WD-B04-S5-M01,1,4,5,188,196,,11,0,0,2,15,42,2,0,0,0,Completed,Bottom half > Section 3
374,2025-WD-B04-S5-M01,1,4,5,196,188,11,,1,2,0,42,15,2,0,0,0,Completed,Bottom half > Section 3
375,2025-WD-B04-S5-M02,1,4,5,191,197,,5,0,0,2,28,42,2,0,0,0,Completed,Bottom half > Section 3
376,2025-WD-B04-S5-M02,1,4,5,197,191,5,,1,2,0,42,28,2,0,0,0,Completed,Bottom half > Section 3
377,2025-WD-B04-S5-M03,1,4,5,192,198,,15,0,0,2,30,42,2,0,0,0,Completed,Bottom half > Section 3
378,2025-WD-B04-S5-M03,1,4,5,198,192,15,,1,2,0,42,30,2,0,0,0,Completed,Bottom half > Section 3
379,2025-WD-B04-S5-M04,1,4,5,194,163,,3,0,0,2,21,42,2,0,0,0,Completed,Bottom half > Section 3
380,2025-WD-B04-S5-M04,1,4,5,163,194,3,,1,2,0,42,21,2,0,0,0,Completed,Bottom half > Section 3
381,2025-WD-B04-S4-M01,1,4,4,196,197,11,5,0,0,2,23,42,2,0,0,0,Completed,Bottom half > Section 3
382,2025-WD-B04-S4-M01,1,4,4,197,196,5,11,1,2,0,42,23,2,0,0,0,Completed,Bottom half > Section 3
383,2025-WD-B04-S4-M02,1,4,4,198,163,15,3,0,0,2,29,42,2,0,0,0,Completed,Bottom half > Section 3
384,2025-WD-B04-S4-M02,1,4,4,163,198,3,15,1,2,0,42,29,2,0,0,0,Completed,Bottom half > Section 3
385,2025-WD-B04-S3-M01,1,4,3,197,163,5,3,0,0,2,31,42,2,0,0,0,Completed,Bottom half > Section 3
386,2025-WD-B04-S3-M01,1,4,3,163,197,3,5,1,2,0,42,31,2,0,0,0,Completed,Bottom half > Section 3
387,2025-WD-B05-S6-M01,1,4,6,199,200,,,1,2,0,42,23,2,0,0,0,Completed,Bottom half > Section 4
388,2025-WD-B05-S6-M01,1,4,6,200,199,,,0,0,2,23,42,2,0,0,0,Completed,Bottom half > Section 4
389,2025-WD-B05-S6-M03,1,4,6,201,202,,,0,1,2,52,60,3,1,1,0,Completed,Bottom half > Section 4
390,2025-WD-B05-S6-M03,1,4,6,202,201,,,1,2,1,60,52,3,1,1,0,Completed,Bottom half > Section 4
391,2025-WD-B05-S6-M05,1,4,6,203,204,,,1,2,0,42,34,2,0,0,0,Completed,Bottom half > Section 4
392,2025-WD-B05-S6-M05,1,4,6,204,203,,,0,0,2,34,42,2,0,0,0,Completed,Bottom half > Section 4
393,2025-WD-B05-S6-M07,1,4,6,205,206,,,1,2,0,42,20,2,0,0,0,Completed,Bottom half > Section 4
394,2025-WD-B05-S6-M07,1,4,6,206,205,,,0,0,2,20,42,2,0,0,0,Completed,Bottom half > Section 4
395,2025-WD-B05-S5-M01,1,4,5,199,207,,16,1,2,0,42,20,2,0,0,1,Completed,Bottom half > Section 4
396,2025-WD-B05-S5-M01,1,4,5,207,199,16,,0,0,2,20,42,2,0,0,1,Completed,Bottom half > Section 4
397,2025-WD-B05-S5-M02,1,4,5,202,208,,8,0,0,2,37,42,2,0,0,0,Completed,Bottom half > Section 4
398,2025-WD-B05-S5-M02,1,4,5,208,202,8,,1,2,0,42,37,2,0,0,0,Completed,Bottom half > Section 4
399,2025-WD-B05-S5-M03,1,4,5,203,209,,12,0,0,2,25,42,2,0,0,0,Completed,Bottom half > Section 4
400,2025-WD-B05-S5-M03,1,4,5,209,203,12,,1,2,0,42,25,2,0,0,0,Completed,Bottom half > Section 4
401,2025-WD-B05-S5-M04,1,4,5,205,164,,2,0,0,2,31,42,2,0,0,0,Completed,Bottom half > Section 4
402,2025-WD-B05-S5-M04,1,4,5,164,205,2,,1,2,0,42,31,2,0,0,0,Completed,Bottom half > Section 4
403,2025-WD-B05-S4-M01,1,4,4,199,208,,8,1,2,1,63,60,3,1,2,1,Completed,Bottom half > Section 4
404,2025-WD-B05-S4-M01,1,4,4,208,199,8,,0,1,2,60,63,3,1,2,1,Completed,Bottom half > Section 4
405,2025-WD-B05-S4-M02,1,4,4,209,164,12,2,0,0,2,23,42,2,0,0,0,Completed,Bottom half > Section 4
406,2025-WD-B05-S4-M02,1,4,4,164,209,2,12,1,2,0,42,23,2,0,0,0,Completed,Bottom half > Section 4
407,2025-WD-B05-S3-M01,1,4,3,199,164,,2,0,0,2,25,42,2,0,0,0,Completed,Bottom half > Section 4
408,2025-WD-B05-S3-M01,1,4,3,164,199,2,,1,2,0,42,25,2,0,0,0,Completed,Bottom half > Section 4
409,2025-WS-B01-S2-M01,1,2,2,210,211,1,4,0,0,2,32,42,2,0,0,1,Completed,Finals
410,2025-WS-B01-S2-M01,1,2,2,211,210,4,1,1,2,0,42,32,2,0,0,1,Completed,Finals
411,2025-WS-B01-S2-M02,1,2,2,212,213,5,9,1,2,1,56,44,3,1,0,0,Completed,Finals
412,2025-WS-B01-S2-M02,1,2,2,213,212,9,5,0,1,2,44,56,3,1,0,0,Completed,Finals
413,2025-WS-B01-S1-M01,1,2,1,211,212,4,5,0,0,2,22,42,2,0,0,1,Completed,Finals
414,2025-WS-B01-S1-M01,1,2,1,212,211,5,4,1,2,0,42,22,2,0,0,1,Completed,Finals
415,2025-WS-B02-S6-M01,1,2,6,210,214,1,,1,2,0,42,13,2,0,0,0,Completed,Top half > Section 1
416,2025-WS-B02-S6-M01,1,2,6,214,210,,1,0,0,2,13,42,2,0,0,0,Completed,Top half > Section 1
417,2025-WS-B02-S6-M02,1,2,6,215,216,,,0,1,2,53,70,3,1,1,0,Completed,Top half > Section 1
418,2025-WS-B02-S6-M02,1,2,6,216,215,,,1,2,1,70,53,3,1,1,0,Completed,Top half > Section 1
419,2025-WS-B02-S6-M03,1,2,6,217,218,16,,1,2,0,42,29,2,0,0,0,Completed,Top half > Section 1
420,2025-WS-B02-S6-M03,1,2,6,218,217,,16,0,0,2,29,42,2,0,0,0,Completed,Top half > Section 1
421,2025-WS-B02-S6-M04,1,2,6,219,220,,,1,2,0,42,24,2,0,0,0,Completed,Top half > Section 1
422,2025-WS-B02-S6-M04,1,2,6,220,219,,,0,0,2,24,42,2,0,0,0,Completed,Top half > Section 1
423,2025-WS-B02-S6-M05,1,2,6,221,222,7,,1,2,0,42,19,2,0,0,0,Completed,Top half > Section 1
424,2025-WS-B02-S6-M05,1,2,6,222,221,,7,0,0,2,19,42,2,0,0,0,Completed,Top half > Section 1
425,2025-WS-B02-S6-M06,1,2,6,223,224,,,0,0,2,26,42,2,0,0,0,Completed,Top half > Section 1
426,2025-WS-B02-S6-M06,1,2,6,224,223,,,1,2,0,42,26,2,0,0,0,Completed,Top half > Section 1
427,2025-WS-B02-S6-M07,1,2,6,225,226,12,,1,2,0,42,33,2,0,0,0,Completed,Top half > Section 1
428,2025-WS-B02-S6-M07,1,2,6,226,225,,12,0,0,2,33,42,2,0,0,0,Completed,Top half > Section 1
429,2025-WS-B02-S6-M08,1,2,6,227,228,,,1,1,1,51,35,3,1,0,0,Retired,Top half > Section 1
430,2025-WS-B02-S6-M08,1,2,6,228,227,,,0,1,1,35,51,3,1,0,0,Retired,Top half > Section 1
431,2025-WS-B02-S5-M01,1,2,5,210,216,1,,1,2,0,42,22,2,0,0,0,Completed,Top half > Section 1
432,2025-WS-B02-S5-M01,1,2,5,216,210,,1,0,0,2,22,42,2,0,0,0,Completed,Top half > Section 1
433,2025-WS-B02-S5-M02,1,2,5,217,219,16,,1,2,1,59,45,3,1,0,0,Completed,Top half > Section 1
434,2025-WS-B02-S5-M02,1,2,5,219,217,,16,0,1,2,45,59,3,1,0,0,Completed,Top half > Section 1
435,2025-WS-B02-S5-M03,1,2,5,221,224,7,,1,2,0,42,25,2,0,0,0,Completed,Top half > Section 1
436,2025-WS-B02-S5-M03,1,2,5,224,221,,7,0,0,2,25,42,2,0,0,0,Completed,Top half > Section 1
437,2025-WS-B02-S5-M04,1,2,5,225,227,12,,1,2,0,42,30,2,0,0,0,Completed,Top half > Section 1
438,2025-WS-B02-S5-M04,1,2,5,227,225,,12,0,0,2,30,42,2,0,0,0,Completed,Top half > Section 1
439,2025-WS-B02-S4-M01,1,2,4,210,217,1,16,1,2,0,42,28,2,0,0,0,Completed,Top half > Section 1
440,2025-WS-B02-S4-M01,1,2,4,217,210,16,1,0,0,2,28,42,2,0,0,0,Completed,Top half > Section 1
441,2025-WS-B02-S4-M02,1,2,4,221,225,7,12,0,0,2,33,42,2,0,0,1,Completed,Top half > Section 1
442,2025-WS-B02-S4-M02,1,2,4,225,221,12,7,1,2,0,42,33,2,0,0,1,Completed,Top half > Section 1
443,2025-WS-B02-S3-M01,1,2,3,210,225,1,12,1,2,0,42,16,2,0,0,0,Completed,Top half > Section 1
444,2025-WS-B02-S3-M01,1,2,3,225,210,12,1,0,0,2,16,42,2,0,0,0,Completed,Top half > Section 1
445,2025-WS-B03-S6-M01,1,2,6,211,229,4,,1,2,0,42,22,2,0,0,0,Completed,Top half > Section 2
446,2025-WS-B03-S6-M01,1,2,6,229,211,,4,0,0,2,22,42,2,0,0,0,Completed,Top half > Section 2
447,2025-WS-B03-S6-M02,1,2,6,230,231,,,1,2,0,42,28,2,0,0,0,Completed,Top half > Section 2
448,2025-WS-B03-S6-M02,1,2,6,231,230,,,0,0,2,28,42,2,0,0,0,Completed,Top half > Section 2
449,2025-WS-B03-S6-M03,1,2,6,232,233,10,,0,0,2,35,42,2,0,0,1,Completed,Top half > Section 2
450,2025-WS-B03-S6-M03,1,2,6,233,232,,10,1,2,0,42,35,2,0,0,1,Completed,Top half > Section 2
451,2025-WS-B03-S6-M04,1,2,6,234,235,,,0,0,2,17,42,2,0,0,0,Completed,Top half > Section 2
452,2025-WS-B03-S6-M04,1,2,6,235,234,,,1,2,0,42,17,2,0,0,0,Completed,Top half > Section 2
453,2025-WS-B03-S6-M05,1,2,6,236,237,6,,1,2,0,42,22,2,0,0,0,Completed,Top half > Section 2
454,2025-WS-B03-S6-M05,1,2,6,237,236,,6,0,0,2,22,42,2,0,0,0,Completed,Top half > Section 2
455,2025-WS-B03-S6-M06,1,2,6,238,239,,,0,1,2,60,58,3,1,1,0,Completed,Top half > Section 2
456,2025-WS-B03-S6-M06,1,2,6,239,238,,,1,2,1,58,60,3,1,1,0,Completed,Top half > Section 2
457,2025-WS-B03-S6-M07,1,2,6,240,241,13,,1,2,0,42,17,2,0,0,0,Completed,Top half > Section 2
458,2025-WS-B03-S6-M07,1,2,6,241,240,,13,0,0,2,17,42,2,0,0,0,Completed,Top half > Section 2
459,2025-WS-B03-S6-M08,1,2,6,242,243,,,1,2,0,42,20,2,0,0,0,Completed,Top half > Section 2
460,2025-WS-B03-S6-M08,1,2,6,243,242,,,0,0,2,20,42,2,0,0,0,Completed,Top half > Section 2
461,2025-WS-B03-S5-M01,1,2,5,211,230,4,,1,2,1,58,44,3,1,0,0,Completed,Top half > Section 2
462,2025-WS-B03-S5-M01,1,2,5,230,211,,4,0,1,2,44,58,3,1,0,0,Completed,Top half > Section 2
463,2025-WS-B03-S5-M02,1,2,5,233,235,,,1,2,0,44,38,2,0,1,0,Completed,Top half > Section 2
464,2025-WS-B03-S5-M02,1,2,5,235,233,,,0,0,2,38,44,2,0,1,0,Completed,Top half > Section 2
465,2025-WS-B03-S5-M03,1,2,5,236,239,6,,1,2,0,42,26,2,0,0,0,Completed,Top half > Section 2
466,2025-WS-B03-S5-M03,1,2,5,239,236,,6,0,0,2,26,42,2,0,0,0,Completed,Top half > Section 2
467,2025-WS-B03-S5-M04,1,2,5,240,242,13,,0,0,2,37,43,2,0,1,1,Completed,Top half > Section 2
468,2025-WS-B03-S5-M04,1,2,5,242,240,,13,1,2,0,43,37,2,0,1,1,Completed,Top half > Section 2
469,2025-WS-B03-S4-M01,1,2,4,211,233,4,,1,2,0,42,19,2,0,0,0,Completed,Top half > Section 2
470,2025-WS-B03-S4-M01,1,2,4,233,211,,4,0,0,2,19,42,2,0,0,0,Completed,Top half > Section 2
471,2025-WS-B03-S4-M02,1,2,4,236,242,6,,1,2,0,42,21,2,0,0,0,Completed,Top half > Section 2
472,2025-WS-B03-S4-M02,1,2,4,242,236,,6,0,0,2,21,42,2,0,0,0,Completed,Top half > Section 2
473,2025-WS-B03-S3-M01,1,2,3,211,236,4,6,1,2,0,43,34,2,0,1,0,Completed,Top half > Section 2
474,2025-WS-B03-S3-M01,1,2,3,236,211,6,4,0,0,2,34,43,2,0,1,0,Completed,Top half > Section 2
475,2025-WS-B04-S6-M01,1,2,6,244,245,,,0,0,2,29,42,2,0,0,0,Completed,Bottom half > Section 3
476,2025-WS-B04-S6-M01,1,2,6,245,244,,,1,2,0,42,29,2,0,0,0,Completed,Bottom half > Section 3
477,2025-WS-B04-S6-M02,1,2,6,246,247,,11,0,0,2,21,42,2,0,0,0,Completed,Bottom half > Section 3
478,2025-WS-B04-S6-M02,1,2,6,247,246,11,,1,2,0,42,21,2,0,0,0,Completed,Bottom half > Section 3
479,2025-WS-B04-S6-M03,1,2,6,248,249,,,0,0,2,22,42,2,0,0,0,Completed,Bottom half > Section 3
480,2025-WS-B04-S6-M03,1,2,6,249,248,,,1,2,0,42,22,2,0,0,0,Completed,Bottom half > Section 3
481,2025-WS-B04-S6-M04,1,2,6,250,212,,5,0,0,2,9,42,2,0,0,0,Completed,Bottom half > Section 3
482,2025-WS-B04-S6-M04,1,2,6,212,250,5,,1,2,0,42,9,2,0,0,0,Completed,Bottom half > Section 3
483,2025-WS-B04-S6-M05,1,2,6,251,252,,,0,0,2,28,43,2,0,1,0,Completed,Bottom half > Section 3
484,2025-WS-B04-S6-M05,1,2,6,252,251,,,1,2,0,43,28,2,0,1,0,Completed,Bottom half > Section 3
485,2025-WS-B04-S6-M06,1,2,6,253,254,,14,0,0,2,23,42,2,0,0,0,Completed,Bottom half > Section 3
486,2025-WS-B04-S6-M06,1,2,6,254,253,14,,1,2,0,42,23,2,0,0,0,Completed,Bottom half > Section 3
487,2025-WS-B04-S6-M07,1,2,6,255,256,,,1,2,0,42,23,2,0,0,0,Completed,Bottom half > Section 3
488,2025-WS-B04-S6-M07,1,2,6,256,255,,,0,0,2,23,42,2,0,0,0,Completed,Bottom half > Section 3
489,2025-WS-B04-S6-M08,1,2,6,257,258,,3,0,0,2,26,42,2,0,0,0,Completed,Bottom half > Section 3
490,2025-WS-B04-S6-M08,1,2,6,258,257,3,,1,2,0,42,26,2,0,0,0,Completed,Bottom half > Section 3
491,2025-WS-B04-S5-M01,1,2,5,245,247,,11,0,1,2,60,57,3,1,1,0,Completed,Bottom half > Section 3
492,2025-WS-B04-S5-M01,1,2,5,247,245,11,,1,2,1,57,60,3,1,1,0,Completed,Bottom half > Section 3
493,2025-WS-B04-S5-M02,1,2,5,249,212,,5,0,0,2,38,42,2,0,0,0,Completed,Bottom half > Section 3
494,2025-WS-B04-S5-M02,1,2,5,212,249,5,,1,2,0,42,38,2,0,0,0,Completed,Bottom half > Section 3
495,2025-WS-B04-S5-M03,1,2,5,252,254,,14,0,0,2,35,42,2,0,0,0,Completed,Bottom half > Section 3
496,2025-WS-B04-S5-M03,1,2,5,254,252,14,,1,2,0,42,35,2,0,0,0,Completed,Bottom half > Section 3
497,2025-WS-B04-S5-M04,1,2,5,255,258,,3,0,0,2,35,45,2,0,1,0,Completed,Bottom half > Section 3
498,2025-WS-B04-S5-M04,1,2,5,258,255,3,,1,2,0,45,35,2,0,1,0,Completed,Bottom half > Section 3
499,2025-WS-B04-S4-M01,1,2,4,247,212,11,5,0,0,2,28,42,2,0,0,0,Completed,Bottom half > Section 3
500,2025-WS-B04-S4-M01,1,2,4,212,247,5,11,1,2,0,42,28,2,0,0,0,Completed,Bottom half > Section 3
501,2025-WS-B04-S4-M02,1,2,4,254,258,14,3,0,0,2,33,42,2,0,0,0,Completed,Bottom half > Section 3
502,2025-WS-B04-S4-M02,1,2,4,258,254,3,14,1,2,0,42,33,2,0,0,0,Completed,Bottom half > Section 3
503,2025-WS-B04-S3-M01,1,2,3,212,258,5,3,1,2,0,42,24,2,0,0,1,Completed,Bottom half > Section 3
504,2025-WS-B04-S3-M01,1,2,3,258,212,3,5,0,0,2,24,42,2,0,0,1,Completed,Bottom half > Section 3
505,2025-WS-B05-S6-M01,1,2,6,259,260,,,1,2,0,42,30,2,0,0,0,Completed,Bottom half > Section 4
506,2025-WS-B05-S6-M01,1,2,6,260,259,,,0,0,2,30,42,2,0,0,0,Completed,Bottom half > Section 4
507,2025-WS-B05-S6-M02,1,2,6,261,213,,9,0,0,2,29,42,2,0,0,0,Completed,Bottom half > Section 4
508,2025-WS-B05-S6-M02,1,2,6,213,261,9,,1,2,0,42,29,2,0,0,0,Completed,Bottom half > Section 4
509,2025-WS-B05-S6-M03,1,2,6,262,263,,,0,1,2,49,62,3,1,1,0,Completed,Bottom half > Section 4
510,2025-WS-B05-S6-M03,1,2,6,263,262,,,1,2,1,62,49,3,1,1,0,Completed,Bottom half > Section 4
511,2025-WS-B05-S6-M04,1,2,6,264,265,,8,0,1,2,47,58,3,1,0,0,Completed,Bottom half > Section 4
512,2025-WS-B05-S6-M04,1,2,6,265,264,8,,1,2,1,58,47,3,1,0,0,Completed,Bottom half > Section 4
513,2025-WS-B05-S6-M05,1,2,6,266,267,,,0,0,2,26,42,2,0,0,0,Completed,Bottom half > Section 4
514,2025-WS-B05-S6-M05,1,2,6,267,266,,,1,2,0,42,26,2,0,0,0,Completed,Bottom half > Section 4
515,2025-WS-B05-S6-M06,1,2,6,268,269,,15,0,0,2,27,44,2,0,1,0,Completed,Bottom half > Section 4
516,2025-WS-B05-S6-M06,1,2,6,269,268,15,,1,2,0,44,27,2,0,1,0,Completed,Bottom half > Section 4
517,2025-WS-B05-S6-M07,1,2,6,270,271,,,0,0,2,30,42,2,0,0,0,Completed,Bottom half > Section 4
518,2025-WS-B05-S6-M07,1,2,6,271,270,,,1,2,0,42,30,2,0,0,0,Completed,Bottom half > Section 4
519,2025-WS-B05-S6-M08,1,2,6,272,273,,2,0,0,2,9,42,2,0,0,0,Completed,Bottom half > Section 4
520,2025-WS-B05-S6-M08,1,2,6,273,272,2,,1,2,0,42,9,2,0,0,0,Completed,Bottom half > Section 4
521,2025-WS-B05-S5-M01,1,2,5,259,213,,9,0,0,2,26,42,2,0,0,0,Completed,Bottom half > Section 4
522,2025-WS-B05-S5-M01,1,2,5,213,259,9,,1,2,0,42,26,2,0,0,0,Completed,Bottom half > Section 4
523,2025-WS-B05-S5-M02,1,2,5,263,265,,8,0,1,2,41,55,3,1,0,0,Completed,Bottom half > Section 4
524,2025-WS-B05-S5-M02,1,2,5,265,263,8,,1,2,1,55,41,3,1,0,0,Completed,Bottom half > Section 4
525,2025-WS-B05-S5-M03,1,2,5,267,269,,15,0,0,2,34,42,2,0,0,0,Completed,Bottom half > Section 4
526,2025-WS-B05-S5-M03,1,2,5,269,267,15,,1,2,0,42,34,2,0,0,0,Completed,Bottom half > Section 4
527,2025-WS-B05-S5-M04,1,2,5,271,273,,2,0,0,2,25,42,2,0,0,0,Completed,Bottom half > Section 4
528,2025-WS-B05-S5-M04,1,2,5,273,271,2,,1,2,0,42,25,2,0,0,0,Completed,Bottom half > Section 4
529,2025-WS-B05-S4-M01,1,2,4,213,265,9,8,1,2,0,42,23,2,0,0,1,Completed,Bottom half > Section 4
530,2025-WS-B05-S4-M01,1,2,4,265,213,8,9,0,0,2,23,42,2,0,0,1,Completed,Bottom half > Section 4
531,2025-WS-B05-S4-M02,1,2,4,269,273,15,2,1,2,0,42,34,2,0,0,1,Completed,Bottom half > Section 4
532,2025-WS-B05-S4-M02,1,2,4,273,269,2,15,0,0,2,34,42,2,0,0,1,Completed,Bottom half > Section 4
533,2025-WS-B05-S3-M01,1,2,3,213,269,9,15,1,2,1,55,51,3,1,0,0,Completed,Bottom half > Section 4
534,2025-WS-B05-S3-M01,1,2,3,269,213,15,9,0,1,2,51,55,3,1,0,0,Completed,Bottom half > Section 4
535,2026-MD-B01-S2-M01,2,3,2,1,48,1,4,0,0,2,35,42,2,0,0,1,Completed,Finals
536,2026-MD-B01-S2-M01,2,3,2,48,1,4,1,1,2,0,42,35,2,0,0,1,Completed,Finals
537,2026-MD-B01-S2-M02,2,3,2,46,36,3,,1,2,0,42,32,2,0,0,0,Completed,Finals
538,2026-MD-B01-S2-M02,2,3,2,36,46,,3,0,0,2,32,42,2,0,0,0,Completed,Finals
539,2026-MD-B01-S1-M01,2,3,1,48,46,4,3,0,0,2,33,42,2,0,0,0,Completed,Finals
540,2026-MD-B01-S1-M01,2,3,1,46,48,3,4,1,2,0,42,33,2,0,0,0,Completed,Finals
541,2026-MD-B02-S6-M02,2,3,6,9,274,,,0,0,2,30,42,2,0,0,0,Completed,Top half > Section 1
542,2026-MD-B02-S6-M02,2,3,6,274,9,,,1,2,0,42,30,2,0,0,0,Completed,Top half > Section 1
543,2026-MD-B02-S6-M04,2,3,6,22,275,,,0,0,2,30,42,2,0,0,0,Completed,Top half > Section 1
544,2026-MD-B02-S6-M04,2,3,6,275,22,,,1,2,0,42,30,2,0,0,0,Completed,Top half > Section 1
545,2026-MD-B02-S6-M06,2,3,6,45,17,,,1,2,1,61,48,3,1,0,0,Completed,Top half > Section 1
546,2026-MD-B02-S6-M06,2,3,6,17,45,,,0,1,2,48,61,3,1,0,0,Completed,Top half > Section 1
547,2026-MD-B02-S6-M08,2,3,6,276,277,,,1,2,1,60,51,3,1,0,0,Completed,Top half > Section 1
548,2026-MD-B02-S6-M08,2,3,6,277,276,,,0,1,2,51,60,3,1,0,0,Completed,Top half > Section 1
549,2026-MD-B02-S5-M01,2,3,5,1,274,1,,1,2,0,42,29,2,0,0,0,Completed,Top half > Section 1
550,2026-MD-B02-S5-M01,2,3,5,274,1,,1,0,0,2,29,42,2,0,0,0,Completed,Top half > Section 1
551,2026-MD-B02-S5-M02,2,3,5,15,275,10,,1,2,1,61,49,3,1,0,0,Completed,Top half > Section 1
552,2026-MD-B02-S5-M02,2,3,5,275,15,,10,0,1,2,49,61,3,1,0,0,Completed,Top half > Section 1
553,2026-MD-B02-S5-M03,2,3,5,37,45,6,,1,2,1,57,48,3,1,0,0,Completed,Top half > Section 1
554,2026-MD-B02-S5-M03,2,3,5,45,37,,6,0,1,2,48,57,3,1,0,0,Completed,Top half > Section 1
555,2026-MD-B02-S5-M04,2,3,5,26,276,14,,1,2,0,42,28,2,0,0,0,Completed,Top half > Section 1
556,2026-MD-B02-S5-M04,2,3,5,276,26,,14,0,0,2,28,42,2,0,0,0,Completed,Top half > Section 1
557,2026-MD-B02-S4-M01,2,3,4,1,15,1,10,1,2,0,42,29,2,0,0,0,Completed,Top half > Section 1
558,2026-MD-B02-S4-M01,2,3,4,15,1,10,1,0,0,2,29,42,2,0,0,0,Completed,Top half > Section 1
559,2026-MD-B02-S4-M02,2,3,4,37,26,6,14,1,2,0,42,34,2,0,0,0,Completed,Top half > Section 1
560,2026-MD-B02-S4-M02,2,3,4,26,37,14,6,0,0,2,34,42,2,0,0,0,Completed,Top half > Section 1
561,2026-MD-B02-S3-M01,2,3,3,1,37,1,6,1,2,0,42,32,2,0,0,0,Completed,Top half > Section 1
562,2026-MD-B02-S3-M01,2,3,3,37,1,6,1,0,0,2,32,42,2,0,0,0,Completed,Top half > Section 1
563,2026-MD-B03-S6-M02,2,3,6,278,34,,,0,1,2,44,57,3,1,0,0,Completed,Top half > Section 2
564,2026-MD-B03-S6-M02,2,3,6,34,278,,,1,2,1,57,44,3,1,0,0,Completed,Top half > Section 2
565,2026-MD-B03-S6-M04,2,3,6,33,279,,,0,0,2,30,42,2,0,0,0,Completed,Top half > Section 2
566,2026-MD-B03-S6-M04,2,3,6,279,33,,,1,2,0,42,30,2,0,0,0,Completed,Top half > Section 2
567,2026-MD-B03-S6-M06,2,3,6,280,21,,,1,2,0,42,16,2,0,0,0,Completed,Top half > Section 2
568,2026-MD-B03-S6-M06,2,3,6,21,280,,,0,0,2,16,42,2,0,0,0,Completed,Top half > Section 2
569,2026-MD-B03-S6-M08,2,3,6,281,28,,,0,0,2,34,43,2,0,1,0,Completed,Top half > Section 2
570,2026-MD-B03-S6-M08,2,3,6,28,281,,,1,2,0,43,34,2,0,1,0,Completed,Top half > Section 2
571,2026-MD-B03-S5-M01,2,3,5,48,34,4,,1,2,1,57,50,3,1,0,0,Completed,Top half > Section 2
572,2026-MD-B03-S5-M01,2,3,5,34,48,,4,0,1,2,50,57,3,1,0,0,Completed,Top half > Section 2
573,2026-MD-B03-S5-M02,2,3,5,14,279,11,,1,2,0,42,29,2,0,0,0,Completed,Top half > Section 2
574,2026-MD-B03-S5-M02,2,3,5,279,14,,11,0,0,2,29,42,2,0,0,0,Completed,Top half > Section 2
575,2026-MD-B03-S5-M03,2,3,5,3,280,7,,0,0,2,36,42,2,0,0,1,Completed,Top half > Section 2
576,2026-MD-B03-S5-M03,2,3,5,280,3,,7,1,2,0,42,36,2,0,0,1,Completed,Top half > Section 2
577,2026-MD-B03-S5-M04,2,3,5,282,28,13,,1,2,0,42,25,2,0,0,0,Completed,Top half > Section 2
578,2026-MD-B03-S5-M04,2,3,5,28,282,,13,0,0,2,25,42,2,0,0,0,Completed,Top half > Section 2
579,2026-MD-B03-S4-M01,2,3,4,48,14,4,11,1,0,0,0,0,0,0,0,0,Walkover,Top half > Section 2
580,2026-MD-B03-S4-M01,2,3,4,14,48,11,4,0,0,0,0,0,0,0,0,0,Walkover,Top half > Section 2
581,2026-MD-B03-S4-M02,2,3,4,280,282,,13,1,2,1,58,51,3,1,0,1,Completed,Top half > Section 2
582,2026-MD-B03-S4-M02,2,3,4,282,280,13,,0,1,2,51,58,3,1,0,1,Completed,Top half > Section 2
583,2026-MD-B03-S3-M01,2,3,3,48,280,4,,1,2,0,42,28,2,0,0,0,Completed,Top half > Section 2
584,2026-MD-B03-S3-M01,2,3,3,280,48,,4,0,0,2,28,42,2,0,0,0,Completed,Top half > Section 2
585,2026-MD-B04-S6-M01,2,3,6,31,43,,,0,0,2,22,42,2,0,0,0,Completed,Bottom half > Section 3
586,2026-MD-B04-S6-M01,2,3,6,43,31,,,1,2,0,42,22,2,0,0,0,Completed,Bottom half > Section 3
587,2026-MD-B04-S6-M03,2,3,6,20,283,,,1,2,0,42,29,2,0,0,0,Completed,Bottom half > Section 3
588,2026-MD-B04-S6-M03,2,3,6,283,20,,,0,0,2,29,42,2,0,0,0,Completed,Bottom half > Section 3
589,2026-MD-B04-S6-M05,2,3,6,284,5,,,0,1,2,49,58,3,1,0,0,Completed,Bottom half > Section 3
590,2026-MD-B04-S6-M05,2,3,6,5,284,,,1,2,1,58,49,3,1,0,0,Completed,Bottom half > Section 3
591,2026-MD-B04-S6-M07,2,3,6,285,286,,,0,0,2,33,42,2,0,0,0,Completed,Bottom half > Section 3
592,2026-MD-B04-S6-M07,2,3,6,286,285,,,1,2,0,42,33,2,0,0,0,Completed,Bottom half > Section 3
593,2026-MD-B04-S5-M01,2,3,5,43,287,,12,1,2,0,42,35,2,0,0,1,Completed,Bottom half > Section 3
594,2026-MD-B04-S5-M01,2,3,5,287,43,12,,0,0,2,35,42,2,0,0,1,Completed,Bottom half > Section 3
595,2026-MD-B04-S5-M02,2,3,5,20,4,,5,0,0,0,0,0,0,0,0,0,Walkover,Bottom half > Section 3
596,2026-MD-B04-S5-M02,2,3,5,4,20,5,,1,0,0,0,0,0,0,0,0,Walkover,Bottom half > Section 3
597,2026-MD-B04-S5-M03,2,3,5,5,2,,16,0,0,2,24,42,2,0,0,0,Completed,Bottom half > Section 3
598,2026-MD-B04-S5-M03,2,3,5,2,5,16,,1,2,0,42,24,2,0,0,0,Completed,Bottom half > Section 3
599,2026-MD-B04-S5-M04,2,3,5,286,46,,3,0,1,2,52,62,3,1,1,0,Completed,Bottom half > Section 3
600,2026-MD-B04-S5-M04,2,3,5,46,286,3,,1,2,1,62,52,3,1,1,0,Completed,Bottom half > Section 3
601,2026-MD-B04-S4-M01,2,3,4,43,4,,5,0,1,2,59,63,3,1,1,0,Completed,Bottom half > Section 3
602,2026-MD-B04-S4-M01,2,3,4,4,43,5,,1,2,1,63,59,3,1,1,0,Completed,Bottom half > Section 3
603,2026-MD-B04-S4-M02,2,3,4,2,46,16,3,0,1,2,60,51,3,1,1,0,Completed,Bottom half > Section 3
604,2026-MD-B04-S4-M02,2,3,4,46,2,3,16,1,2,1,51,60,3,1,1,0,Completed,Bottom half > Section 3
605,2026-MD-B04-S3-M01,2,3,3,4,46,5,3,0,0,2,27,42,2,0,0,0,Completed,Bottom half > Section 3
606,2026-MD-B04-S3-M01,2,3,3,46,4,3,5,1,2,0,42,27,2,0,0,0,Completed,Bottom half > Section 3
607,2026-MD-B05-S6-M01,2,3,6,27,40,,,1,2,0,42,23,2,0,0,0,Completed,Bottom half > Section 4
608,2026-MD-B05-S6-M01,2,3,6,40,27,,,0,0,2,23,42,2,0,0,0,Completed,Bottom half > Section 4
609,2026-MD-B05-S6-M03,2,3,6,16,288,,,1,2,0,42,28,2,0,0,0,Completed,Bottom half > Section 4
610,2026-MD-B05-S6-M03,2,3,6,288,16,,,0,0,2,28,42,2,0,0,0,Completed,Bottom half > Section 4
611,2026-MD-B05-S6-M05,2,3,6,289,290,,,0,0,1,20,27,2,0,0,0,Retired,Bottom half > Section 4
612,2026-MD-B05-S6-M05,2,3,6,290,289,,,1,1,0,27,20,2,0,0,0,Retired,Bottom half > Section 4
613,2026-MD-B05-S6-M07,2,3,6,7,291,,,1,2,0,42,21,2,0,0,0,Completed,Bottom half > Section 4
614,2026-MD-B05-S6-M07,2,3,6,291,7,,,0,0,2,21,42,2,0,0,0,Completed,Bottom half > Section 4
615,2026-MD-B05-S5-M01,2,3,5,27,36,,,0,0,2,28,42,2,0,0,0,Completed,Bottom half > Section 4
616,2026-MD-B05-S5-M01,2,3,5,36,27,,,1,2,0,42,28,2,0,0,0,Completed,Bottom half > Section 4
617,2026-MD-B05-S5-M02,2,3,5,16,35,,9,0,1,2,56,57,3,1,1,0,Completed,Bottom half > Section 4
618,2026-MD-B05-S5-M02,2,3,5,35,16,9,,1,2,1,57,56,3,1,1,0,Completed,Bottom half > Section 4
619,2026-MD-B05-S5-M03,2,3,5,290,292,,15,0,0,2,31,42,2,0,0,0,Completed,Bottom half > Section 4
620,2026-MD-B05-S5-M03,2,3,5,292,290,15,,1,2,0,42,31,2,0,0,0,Completed,Bottom half > Section 4
621,2026-MD-B05-S5-M04,2,3,5,7,293,,2,0,0,2,27,42,2,0,0,0,Completed,Bottom half > Section 4
622,2026-MD-B05-S5-M04,2,3,5,293,7,2,,1,2,0,42,27,2,0,0,0,Completed,Bottom half > Section 4
623,2026-MD-B05-S4-M01,2,3,4,36,35,,9,1,2,0,42,24,2,0,0,1,Completed,Bottom half > Section 4
624,2026-MD-B05-S4-M01,2,3,4,35,36,9,,0,0,2,24,42,2,0,0,1,Completed,Bottom half > Section 4
625,2026-MD-B05-S4-M02,2,3,4,292,293,15,2,0,1,2,48,56,3,1,0,0,Completed,Bottom half > Section 4
626,2026-MD-B05-S4-M02,2,3,4,293,292,2,15,1,2,1,56,48,3,1,0,0,Completed,Bottom half > Section 4
627,2026-MD-B05-S3-M01,2,3,3,36,293,,2,1,2,0,42,35,2,0,0,1,Completed,Bottom half > Section 4
628,2026-MD-B05-S3-M01,2,3,3,293,36,2,,0,0,2,35,42,2,0,0,1,Completed,Bottom half > Section 4
629,2026-MS-B01-S2-M01,2,1,2,105,75,6,10,0,1,2,42,59,3,1,0,1,Completed,Finals
630,2026-MS-B01-S2-M01,2,1,2,75,105,10,6,1,2,1,59,42,3,1,0,1,Completed,Finals
631,2026-MS-B01-S2-M02,2,1,2,50,60,7,9,0,1,2,48,58,3,1,0,1,Completed,Finals
632,2026-MS-B01-S2-M02,2,1,2,60,50,9,7,1,2,1,58,48,3,1,0,1,Completed,Finals
633,2026-MS-B01-S1-M01,2,1,1,75,60,10,9,0,0,2,22,42,2,0,0,0,Completed,Finals
634,2026-MS-B01-S1-M01,2,1,1,60,75,9,10,1,2,0,42,22,2,0,0,0,Completed,Finals
635,2026-MS-B02-S6-M01,2,1,6,49,294,1,,0,1,2,54,55,3,1,0,1,Completed,Top half > Section 1
636,2026-MS-B02-S6-M01,2,1,6,294,49,,1,1,2,1,55,54,3,1,0,1,Completed,Top half > Section 1
637,2026-MS-B02-S6-M02,2,1,6,76,95,,,1,2,1,59,45,3,1,0,0,Completed,Top half > Section 1
638,2026-MS-B02-S6-M02,2,1,6,95,76,,,0,1,2,45,59,3,1,0,0,Completed,Top half > Section 1
639,2026-MS-B02-S6-M03,2,1,6,91,295,11,,1,2,0,42,29,2,0,0,0,Completed,Top half > Section 1
640,2026-MS-B02-S6-M03,2,1,6,295,91,,11,0,0,2,29,42,2,0,0,0,Completed,Top half > Section 1
641,2026-MS-B02-S6-M04,2,1,6,110,296,,,1,2,1,63,51,3,1,1,0,Completed,Top half > Section 1
642,2026-MS-B02-S6-M04,2,1,6,296,110,,,0,1,2,51,63,3,1,1,0,Completed,Top half > Section 1
643,2026-MS-B02-S6-M05,2,1,6,105,297,6,,1,2,0,42,24,2,0,0,0,Completed,Top half > Section 1
644,2026-MS-B02-S6-M05,2,1,6,297,105,,6,0,0,2,24,42,2,0,0,0,Completed,Top half > Section 1
645,2026-MS-B02-S6-M06,2,1,6,298,67,,,0,1,2,47,61,3,1,0,0,Completed,Top half > Section 1
646,2026-MS-B02-S6-M06,2,1,6,67,298,,,1,2,1,61,47,3,1,0,0,Completed,Top half > Section 1
647,2026-MS-B02-S6-M07,2,1,6,64,69,16,,0,0,2,31,42,2,0,0,1,Completed,Top half > Section 1
648,2026-MS-B02-S6-M07,2,1,6,69,64,,16,1,2,0,42,31,2,0,0,1,Completed,Top half > Section 1
649,2026-MS-B02-S6-M08,2,1,6,88,85,,,1,2,1,56,56,3,1,0,0,Completed,Top half > Section 1
650,2026-MS-B02-S6-M08,2,1,6,85,88,,,0,1,2,56,56,3,1,0,0,Completed,Top half > Section 1
651,2026-MS-B02-S5-M01,2,1,5,294,76,,,1,2,0,42,18,2,0,0,0,Completed,Top half > Section 1
652,2026-MS-B02-S5-M01,2,1,5,76,294,,,0,0,2,18,42,2,0,0,0,Completed,Top half > Section 1
653,2026-MS-B02-S5-M02,2,1,5,91,110,11,,1,2,0,42,21,2,0,0,0,Completed,Top half > Section 1
654,2026-MS-B02-S5-M02,2,1,5,110,91,,11,0,0,2,21,42,2,0,0,0,Completed,Top half > Section 1
655,2026-MS-B02-S5-M03,2,1,5,105,67,6,,1,2,0,42,23,2,0,0,0,Completed,Top half > Section 1
656,2026-MS-B02-S5-M03,2,1,5,67,105,,6,0,0,2,23,42,2,0,0,0,Completed,Top half > Section 1
657,2026-MS-B02-S5-M04,2,1,5,69,88,,,1,2,0,42,32,2,0,0,0,Completed,Top half > Section 1
658,2026-MS-B02-S5-M04,2,1,5,88,69,,,0,0,2,32,42,2,0,0,0,Completed,Top half > Section 1
659,2026-MS-B02-S4-M01,2,1,4,294,91,,11,0,0,2,30,42,2,0,0,0,Completed,Top half > Section 1
660,2026-MS-B02-S4-M01,2,1,4,91,294,11,,1,2,0,42,30,2,0,0,0,Completed,Top half > Section 1
661,2026-MS-B02-S4-M02,2,1,4,105,69,6,,1,2,0,42,23,2,0,0,0,Completed,Top half > Section 1
662,2026-MS-B02-S4-M02,2,1,4,69,105,,6,0,0,2,23,42,2,0,0,0,Completed,Top half > Section 1
663,2026-MS-B02-S3-M01,2,1,3,91,105,11,6,0,0,2,30,42,2,0,0,0,Completed,Top half > Section 1
664,2026-MS-B02-S3-M01,2,1,3,105,91,6,11,1,2,0,42,30,2,0,0,0,Completed,Top half > Section 1
665,2026-MS-B03-S6-M01,2,1,6,52,62,4,,1,2,0,42,36,2,0,0,0,Completed,Top half > Section 2
666,2026-MS-B03-S6-M01,2,1,6,62,52,,4,0,0,2,36,42,2,0,0,0,Completed,Top half > Section 2
667,2026-MS-B03-S6-M02,2,1,6,63,78,,,0,1,2,52,61,3,1,0,0,Completed,Top half > Section 2
668,2026-MS-B03-S6-M02,2,1,6,78,63,,,1,2,1,61,52,3,1,0,0,Completed,Top half > Section 2
669,2026-MS-B03-S6-M03,2,1,6,109,299,15,,1,2,0,42,32,2,0,0,0,Completed,Top half > Section 2
670,2026-MS-B03-S6-M03,2,1,6,299,109,,15,0,0,2,32,42,2,0,0,0,Completed,Top half > Section 2
671,2026-MS-B03-S6-M04,2,1,6,300,301,,,0,0,2,27,42,2,0,0,0,Completed,Top half > Section 2
672,2026-MS-B03-S6-M04,2,1,6,301,300,,,1,2,0,42,27,2,0,0,0,Completed,Top half > Section 2
673,2026-MS-B03-S6-M05,2,1,6,68,302,8,,1,2,0,42,17,2,0,0,0,Completed,Top half > Section 2
674,2026-MS-B03-S6-M05,2,1,6,302,68,,8,0,0,2,17,42,2,0,0,0,Completed,Top half > Section 2
675,2026-MS-B03-S6-M06,2,1,6,112,98,,,0,0,2,34,42,2,0,0,0,Completed,Top half > Section 2
676,2026-MS-B03-S6-M06,2,1,6,98,112,,,1,2,0,42,34,2,0,0,0,Completed,Top half > Section 2
677,2026-MS-B03-S6-M07,2,1,6,75,303,10,,1,2,1,49,49,3,1,0,0,Completed,Top half > Section 2
678,2026-MS-B03-S6-M07,2,1,6,303,75,,10,0,1,2,49,49,3,1,0,0,Completed,Top half > Section 2
679,2026-MS-B03-S6-M08,2,1,6,97,81,,,0,0,2,18,42,2,0,0,0,Completed,Top half > Section 2
680,2026-MS-B03-S6-M08,2,1,6,81,97,,,1,2,0,42,18,2,0,0,0,Completed,Top half > Section 2
681,2026-MS-B03-S5-M01,2,1,5,52,78,4,,1,2,1,65,63,3,1,2,0,Completed,Top half > Section 2
682,2026-MS-B03-S5-M01,2,1,5,78,52,,4,0,1,2,63,65,3,1,2,0,Completed,Top half > Section 2
683,2026-MS-B03-S5-M02,2,1,5,109,301,15,,1,2,0,42,24,2,0,0,0,Completed,Top half > Section 2
684,2026-MS-B03-S5-M02,2,1,5,301,109,,15,0,0,2,24,42,2,0,0,0,Completed,Top half > Section 2
685,2026-MS-B03-S5-M03,2,1,5,68,98,8,,1,2,0,42,38,2,0,0,0,Completed,Top half > Section 2
686,2026-MS-B03-S5-M03,2,1,5,98,68,,8,0,0,2,38,42,2,0,0,0,Completed,Top half > Section 2
687,2026-MS-B03-S5-M04,2,1,5,75,81,10,,1,2,0,42,30,2,0,0,0,Completed,Top half > Section 2
688,2026-MS-B03-S5-M04,2,1,5,81,75,,10,0,0,2,30,42,2,0,0,0,Completed,Top half > Section 2
689,2026-MS-B03-S4-M01,2,1,4,52,109,4,15,1,2,1,59,52,3,1,0,0,Completed,Top half > Section 2
690,2026-MS-B03-S4-M01,2,1,4,109,52,15,4,0,1,2,52,59,3,1,0,0,Completed,Top half > Section 2
691,2026-MS-B03-S4-M02,2,1,4,68,75,8,10,0,1,2,53,57,3,1,1,1,Completed,Top half > Section 2
692,2026-MS-B03-S4-M02,2,1,4,75,68,10,8,1,2,1,57,53,3,1,1,1,Completed,Top half > Section 2
693,2026-MS-B03-S3-M01,2,1,3,52,75,4,10,0,0,2,34,42,2,0,0,1,Completed,Top half > Section 2
694,2026-MS-B03-S3-M01,2,1,3,75,52,10,4,1,2,0,42,34,2,0,0,1,Completed,Top half > Section 2
695,2026-MS-B04-S6-M01,2,1,6,86,304,,,1,2,0,42,31,2,0,0,0,Completed,Bottom half > Section 3
696,2026-MS-B04-S6-M01,2,1,6,304,86,,,0,0,2,31,42,2,0,0,0,Completed,Bottom half > Section 3
697,2026-MS-B04-S6-M02,2,1,6,77,79,,13,0,0,2,34,43,2,0,1,0,Completed,Bottom half > Section 3
698,2026-MS-B04-S6-M02,2,1,6,79,77,13,,1,2,0,43,34,2,0,1,0,Completed,Bottom half > Section 3
699,2026-MS-B04-S6-M03,2,1,6,305,306,,,0,0,2,30,42,2,0,0,0,Completed,Bottom half > Section 3
700,2026-MS-B04-S6-M03,2,1,6,306,305,,,1,2,0,42,30,2,0,0,0,Completed,Bottom half > Section 3
701,2026-MS-B04-S6-M04,2,1,6,71,50,,7,0,0,2,29,42,2,0,0,0,Completed,Bottom half > Section 3
702,2026-MS-B04-S6-M04,2,1,6,50,71,7,,1,2,0,42,29,2,0,0,0,Completed,Bottom half > Section 3
703,2026-MS-B04-S6-M05,2,1,6,93,55,,,1,2,0,42,21,2,0,0,0,Completed,Bottom half > Section 3
704,2026-MS-B04-S6-M05,2,1,6,55,93,,,0,0,2,21,42,2,0,0,0,Completed,Bottom half > Section 3
705,2026-MS-B04-S6-M06,2,1,6,307,94,,12,0,0,2,26,42,2,0,0,0,Completed,Bottom half > Section 3
706,2026-MS-B04-S6-M06,2,1,6,94,307,12,,1,2,0,42,26,2,0,0,0,Completed,Bottom half > Section 3
707,2026-MS-B04-S6-M07,2,1,6,73,308,,,1,2,0,42,31,2,0,0,0,Completed,Bottom half > Section 3
708,2026-MS-B04-S6-M07,2,1,6,308,73,,,0,0,2,31,42,2,0,0,0,Completed,Bottom half > Section 3
709,2026-MS-B04-S6-M08,2,1,6,89,90,,3,0,0,2,29,42,2,0,0,0,Completed,Bottom half > Section 3
710,2026-MS-B04-S6-M08,2,1,6,90,89,3,,1,2,0,42,29,2,0,0,0,Completed,Bottom half > Section 3
711,2026-MS-B04-S5-M01,2,1,5,86,79,,13,0,1,2,53,57,3,1,0,0,Completed,Bottom half > Section 3
712,2026-MS-B04-S5-M01,2,1,5,79,86,13,,1,2,1,57,53,3,1,0,0,Completed,Bottom half > Section 3
713,2026-MS-B04-S5-M02,2,1,5,306,50,,7,0,0,2,21,42,2,0,0,0,Completed,Bottom half > Section 3
714,2026-MS-B04-S5-M02,2,1,5,50,306,7,,1,2,0,42,21,2,0,0,0,Completed,Bottom half > Section 3
715,2026-MS-B04-S5-M03,2,1,5,93,94,,12,1,2,1,55,49,3,1,0,1,Completed,Bottom half > Section 3
716,2026-MS-B04-S5-M03,2,1,5,94,93,12,,0,1,2,49,55,3,1,0,1,Completed,Bottom half > Section 3
717,2026-MS-B04-S5-M04,2,1,5,73,90,,3,0,1,2,51,61,3,1,0,0,Completed,Bottom half > Section 3
718,2026-MS-B04-S5-M04,2,1,5,90,73,3,,1,2,1,61,51,3,1,0,0,Completed,Bottom half > Section 3
719,2026-MS-B04-S4-M01,2,1,4,79,50,13,7,0,0,2,38,43,2,0,1,0,Completed,Bottom half > Section 3
720,2026-MS-B04-S4-M01,2,1,4,50,79,7,13,1,2,0,43,38,2,0,1,0,Completed,Bottom half > Section 3
721,2026-MS-B04-S4-M02,2,1,4,93,90,,3,1,2,1,53,52,3,1,0,1,Completed,Bottom half > Section 3
722,2026-MS-B04-S4-M02,2,1,4,90,93,3,,0,1,2,52,53,3,1,0,1,Completed,Bottom half > Section 3
723,2026-MS-B04-S3-M01,2,1,3,50,93,7,,1,2,0,42,37,2,0,0,0,Completed,Bottom half > Section 3
724,2026-MS-B04-S3-M01,2,1,3,93,50,,7,0,0,2,37,42,2,0,0,0,Completed,Bottom half > Section 3
725,2026-MS-B05-S6-M01,2,1,6,309,82,,,1,2,0,42,27,2,0,0,0,Completed,Bottom half > Section 4
726,2026-MS-B05-S6-M01,2,1,6,82,309,,,0,0,2,27,42,2,0,0,0,Completed,Bottom half > Section 4
727,2026-MS-B05-S6-M02,2,1,6,107,60,,9,0,0,2,24,42,2,0,0,0,Completed,Bottom half > Section 4
728,2026-MS-B05-S6-M02,2,1,6,60,107,9,,1,2,0,42,24,2,0,0,0,Completed,Bottom half > Section 4
729,2026-MS-B05-S6-M03,2,1,6,74,58,,,0,0,2,28,42,2,0,0,0,Completed,Bottom half > Section 4
730,2026-MS-B05-S6-M03,2,1,6,58,74,,,1,2,0,42,28,2,0,0,0,Completed,Bottom half > Section 4
731,2026-MS-B05-S6-M04,2,1,6,101,56,,5,1,2,0,42,36,2,0,0,1,Completed,Bottom half > Section 4
732,2026-MS-B05-S6-M04,2,1,6,56,101,5,,0,0,2,36,42,2,0,0,1,Completed,Bottom half > Section 4
733,2026-MS-B05-S6-M05,2,1,6,99,310,,,0,0,2,19,42,2,0,0,0,Completed,Bottom half > Section 4
734,2026-MS-B05-S6-M05,2,1,6,310,99,,,1,2,0,42,19,2,0,0,0,Completed,Bottom half > Section 4
735,2026-MS-B05-S6-M06,2,1,6,59,53,,14,0,1,2,33,58,3,1,0,0,Completed,Bottom half > Section 4
736,2026-MS-B05-S6-M06,2,1,6,53,59,14,,1,2,1,58,33,3,1,0,0,Completed,Bottom half > Section 4
737,2026-MS-B05-S6-M07,2,1,6,311,312,,,0,0,2,18,42,2,0,0,0,Completed,Bottom half > Section 4
738,2026-MS-B05-S6-M07,2,1,6,312,311,,,1,2,0,42,18,2,0,0,0,Completed,Bottom half > Section 4
739,2026-MS-B05-S6-M08,2,1,6,106,51,,2,0,0,2,17,42,2,0,0,0,Completed,Bottom half > Section 4
740,2026-MS-B05-S6-M08,2,1,6,51,106,2,,1,2,0,42,17,2,0,0,0,Completed,Bottom half > Section 4
741,2026-MS-B05-S5-M01,2,1,5,309,60,,9,0,0,2,25,42,2,0,0,0,Completed,Bottom half > Section 4
742,2026-MS-B05-S5-M01,2,1,5,60,309,9,,1,2,0,42,25,2,0,0,0,Completed,Bottom half > Section 4
743,2026-MS-B05-S5-M02,2,1,5,58,101,,,1,2,1,59,55,3,1,0,0,Completed,Bottom half > Section 4
744,2026-MS-B05-S5-M02,2,1,5,101,58,,,0,1,2,55,59,3,1,0,0,Completed,Bottom half > Section 4
745,2026-MS-B05-S5-M03,2,1,5,310,53,,14,1,2,1,61,57,3,1,0,1,Completed,Bottom half > Section 4
746,2026-MS-B05-S5-M03,2,1,5,53,310,14,,0,1,2,57,61,3,1,0,1,Completed,Bottom half > Section 4
747,2026-MS-B05-S5-M04,2,1,5,312,51,,2,0,0,2,36,42,2,0,0,0,Completed,Bottom half > Section 4
748,2026-MS-B05-S5-M04,2,1,5,51,312,2,,1,2,0,42,36,2,0,0,0,Completed,Bottom half > Section 4
749,2026-MS-B05-S4-M01,2,1,4,60,58,9,,1,2,0,42,29,2,0,0,0,Completed,Bottom half > Section 4
750,2026-MS-B05-S4-M01,2,1,4,58,60,,9,0,0,2,29,42,2,0,0,0,Completed,Bottom half > Section 4
751,2026-MS-B05-S4-M02,2,1,4,310,51,,2,0,0,2,20,42,2,0,0,0,Completed,Bottom half > Section 4
752,2026-MS-B05-S4-M02,2,1,4,51,310,2,,1,2,0,42,20,2,0,0,0,Completed,Bottom half > Section 4
753,2026-MS-B05-S3-M01,2,1,3,60,51,9,2,1,2,1,61,53,3,1,0,1,Completed,Bottom half > Section 4
754,2026-MS-B05-S3-M01,2,1,3,51,60,2,9,0,1,2,53,61,3,1,0,1,Completed,Bottom half > Section 4
755,2026-XD-B01-S2-M01,2,5,2,125,313,1,,1,2,1,63,56,3,1,2,0,Completed,Finals
756,2026-XD-B01-S2-M01,2,5,2,313,125,,1,0,1,2,56,63,3,1,2,0,Completed,Finals
757,2026-XD-B01-S2-M02,2,5,2,113,116,5,2,1,2,1,61,45,3,1,0,1,Completed,Finals
758,2026-XD-B01-S2-M02,2,5,2,116,113,2,5,0,1,2,45,61,3,1,0,1,Completed,Finals
759,2026-XD-B01-S1-M01,2,5,1,125,113,1,5,0,1,2,56,62,3,1,1,1,Completed,Finals
760,2026-XD-B01-S1-M01,2,5,1,113,125,5,1,1,2,1,62,56,3,1,1,1,Completed,Finals
761,2026-XD-B02-S6-M02,2,5,6,139,129,,,1,2,1,62,58,3,1,1,0,Completed,Top half > Section 1
762,2026-XD-B02-S6-M02,2,5,6,129,139,,,0,1,2,58,62,3,1,1,0,Completed,Top half > Section 1
763,2026-XD-B02-S6-M04,2,5,6,314,315,,,1,2,0,43,31,2,0,1,0,Completed,Top half > Section 1
764,2026-XD-B02-S6-M04,2,5,6,315,314,,,0,0,2,31,43,2,0,1,0,Completed,Top half > Section 1
765,2026-XD-B02-S6-M06,2,5,6,316,157,,,0,0,2,33,42,2,0,0,0,Completed,Top half > Section 1
766,2026-XD-B02-S6-M06,2,5,6,157,316,,,1,2,0,42,33,2,0,0,0,Completed,Top half > Section 1
767,2026-XD-B02-S6-M08,2,5,6,317,318,,,0,1,2,55,56,3,1,0,0,Completed,Top half > Section 1
768,2026-XD-B02-S6-M08,2,5,6,318,317,,,1,2,1,56,55,3,1,0,0,Completed,Top half > Section 1
769,2026-XD-B02-S5-M01,2,5,5,125,139,1,,1,2,0,42,21,2,0,0,0,Completed,Top half > Section 1
770,2026-XD-B02-S5-M01,2,5,5,139,125,,1,0,0,2,21,42,2,0,0,0,Completed,Top half > Section 1
771,2026-XD-B02-S5-M02,2,5,5,319,314,16,,1,2,0,42,27,2,0,0,0,Completed,Top half > Section 1
772,2026-XD-B02-S5-M02,2,5,5,314,319,,16,0,0,2,27,42,2,0,0,0,Completed,Top half > Section 1
773,2026-XD-B02-S5-M03,2,5,5,126,157,8,,1,2,0,42,29,2,0,0,0,Completed,Top half > Section 1
774,2026-XD-B02-S5-M03,2,5,5,157,126,,8,0,0,2,29,42,2,0,0,0,Completed,Top half > Section 1
775,2026-XD-B02-S5-M04,2,5,5,159,318,10,,1,2,0,42,31,2,0,0,0,Completed,Top half > Section 1
776,2026-XD-B02-S5-M04,2,5,5,318,159,,10,0,0,2,31,42,2,0,0,0,Completed,Top half > Section 1
777,2026-XD-B02-S4-M01,2,5,4,125,319,1,16,1,2,0,42,37,2,0,0,0,Completed,Top half > Section 1
778,2026-XD-B02-S4-M01,2,5,4,319,125,16,1,0,0,2,37,42,2,0,0,0,Completed,Top half > Section 1
779,2026-XD-B02-S4-M02,2,5,4,126,159,8,10,1,2,0,42,27,2,0,0,0,Completed,Top half > Section 1
780,2026-XD-B02-S4-M02,2,5,4,159,126,10,8,0,0,2,27,42,2,0,0,0,Completed,Top half > Section 1
781,2026-XD-B02-S3-M01,2,5,3,125,126,1,8,1,2,1,60,46,3,1,0,0,Completed,Top half > Section 1
782,2026-XD-B02-S3-M01,2,5,3,126,125,8,1,0,1,2,46,60,3,1,0,0,Completed,Top half > Section 1
783,2026-XD-B03-S6-M02,2,5,6,320,321,,,1,2,0,42,30,2,0,0,0,Completed,Top half > Section 2
784,2026-XD-B03-S6-M02,2,5,6,321,320,,,0,0,2,30,42,2,0,0,0,Completed,Top half > Section 2
785,2026-XD-B03-S6-M04,2,5,6,322,323,,,0,1,2,55,64,3,1,1,0,Completed,Top half > Section 2
786,2026-XD-B03-S6-M04,2,5,6,323,322,,,1,2,1,64,55,3,1,1,0,Completed,Top half > Section 2
787,2026-XD-B03-S6-M06,2,5,6,324,325,,,0,0,2,19,42,2,0,0,0,Completed,Top half > Section 2
788,2026-XD-B03-S6-M06,2,5,6,325,324,,,1,2,0,42,19,2,0,0,0,Completed,Top half > Section 2
789,2026-XD-B03-S6-M08,2,5,6,326,327,,,0,1,2,72,70,3,1,2,0,Completed,Top half > Section 2
790,2026-XD-B03-S6-M08,2,5,6,327,326,,,1,2,1,70,72,3,1,2,0,Completed,Top half > Section 2
791,2026-XD-B03-S5-M01,2,5,5,118,320,3,,1,2,1,61,40,3,1,0,0,Completed,Top half > Section 2
792,2026-XD-B03-S5-M01,2,5,5,320,118,,3,0,1,2,40,61,3,1,0,0,Completed,Top half > Section 2
793,2026-XD-B03-S5-M02,2,5,5,147,323,11,,1,2,0,50,41,2,0,1,0,Completed,Top half > Section 2
794,2026-XD-B03-S5-M02,2,5,5,323,147,,11,0,0,2,41,50,2,0,1,0,Completed,Top half > Section 2
795,2026-XD-B03-S5-M03,2,5,5,123,325,9,,1,2,1,51,58,3,1,0,0,Completed,Top half > Section 2
796,2026-XD-B03-S5-M03,2,5,5,325,123,,9,0,1,2,58,51,3,1,0,0,Completed,Top half > Section 2
797,2026-XD-B03-S5-M04,2,5,5,313,327,,,1,2,0,42,24,2,0,0,0,Completed,Top half > Section 2
798,2026-XD-B03-S5-M04,2,5,5,327,313,,,0,0,2,24,42,2,0,0,0,Completed,Top half > Section 2
799,2026-XD-B03-S4-M01,2,5,4,118,147,3,11,0,1,2,48,51,3,1,0,1,Completed,Top half > Section 2
800,2026-XD-B03-S4-M01,2,5,4,147,118,11,3,1,2,1,51,48,3,1,0,1,Completed,Top half > Section 2
801,2026-XD-B03-S4-M02,2,5,4,123,313,9,,0,0,2,23,42,2,0,0,1,Completed,Top half > Section 2
802,2026-XD-B03-S4-M02,2,5,4,313,123,,9,1,2,0,42,23,2,0,0,1,Completed,Top half > Section 2
803,2026-XD-B03-S3-M01,2,5,3,147,313,11,,0,0,2,27,42,2,0,0,1,Completed,Top half > Section 2
804,2026-XD-B03-S3-M01,2,5,3,313,147,,11,1,2,0,42,27,2,0,0,1,Completed,Top half > Section 2
805,2026-XD-B04-S6-M01,2,5,6,121,328,,,1,2,1,61,49,3,1,0,0,Completed,Bottom half > Section 3
806,2026-XD-B04-S6-M01,2,5,6,328,121,,,0,1,2,49,61,3,1,0,0,Completed,Bottom half > Section 3
807,2026-XD-B04-S6-M03,2,5,6,329,330,,,0,0,2,35,42,2,0,0,0,Completed,Bottom half > Section 3
808,2026-XD-B04-S6-M03,2,5,6,330,329,,,1,2,0,42,35,2,0,0,0,Completed,Bottom half > Section 3
809,2026-XD-B04-S6-M05,2,5,6,153,331,,,0,1,2,53,56,3,1,1,0,Completed,Bottom half > Section 3
810,2026-XD-B04-S6-M05,2,5,6,331,153,,,1,2,1,56,53,3,1,1,0,Completed,Bottom half > Section 3
811,2026-XD-B04-S6-M07,2,5,6,332,333,,,0,0,2,29,42,2,0,0,0,Completed,Bottom half > Section 3
812,2026-XD-B04-S6-M07,2,5,6,333,332,,,1,2,0,42,29,2,0,0,0,Completed,Bottom half > Section 3
813,2026-XD-B04-S5-M01,2,5,5,121,124,,14,0,0,2,13,42,2,0,0,0,Completed,Bottom half > Section 3
814,2026-XD-B04-S5-M01,2,5,5,124,121,14,,1,2,0,42,13,2,0,0,0,Completed,Bottom half > Section 3
815,2026-XD-B04-S5-M02,2,5,5,330,113,,5,0,0,2,28,42,2,0,0,0,Completed,Bottom half > Section 3
816,2026-XD-B04-S5-M02,2,5,5,113,330,5,,1,2,0,42,28,2,0,0,0,Completed,Bottom half > Section 3
817,2026-XD-B04-S5-M03,2,5,5,331,143,,13,0,0,2,29,42,2,0,0,0,Completed,Bottom half > Section 3
818,2026-XD-B04-S5-M03,2,5,5,143,331,13,,1,2,0,42,29,2,0,0,0,Completed,Bottom half > Section 3
819,2026-XD-B04-S5-M04,2,5,5,333,149,,4,0,1,2,47,56,3,1,0,0,Completed,Bottom half > Section 3
820,2026-XD-B04-S5-M04,2,5,5,149,333,4,,1,2,1,56,47,3,1,0,0,Completed,Bottom half > Section 3
821,2026-XD-B04-S4-M01,2,5,4,124,113,14,5,0,0,2,38,45,2,0,1,0,Completed,Bottom half > Section 3
822,2026-XD-B04-S4-M01,2,5,4,113,124,5,14,1,2,0,45,38,2,0,1,0,Completed,Bottom half > Section 3
823,2026-XD-B04-S4-M02,2,5,4,143,149,13,4,0,1,2,50,59,3,1,0,0,Completed,Bottom half > Section 3
824,2026-XD-B04-S4-M02,2,5,4,149,143,4,13,1,2,1,59,50,3,1,0,0,Completed,Bottom half > Section 3
825,2026-XD-B04-S3-M01,2,5,3,113,149,5,4,1,0,0,0,0,0,0,0,1,Walkover,Bottom half > Section 3
826,2026-XD-B04-S3-M01,2,5,3,149,113,4,5,0,0,0,0,0,0,0,0,1,Walkover,Bottom half > Section 3
827,2026-XD-B05-S6-M01,2,5,6,128,334,,,1,2,0,42,33,2,0,0,0,Completed,Bottom half > Section 4
828,2026-XD-B05-S6-M01,2,5,6,334,128,,,0,0,2,33,42,2,0,0,0,Completed,Bottom half > Section 4
829,2026-XD-B05-S6-M03,2,5,6,335,336,,,0,0,2,33,42,2,0,0,0,Completed,Bottom half > Section 4
830,2026-XD-B05-S6-M03,2,5,6,336,335,,,1,2,0,42,33,2,0,0,0,Completed,Bottom half > Section 4
831,2026-XD-B05-S6-M05,2,5,6,120,119,,,1,2,0,42,32,2,0,0,0,Completed,Bottom half > Section 4
832,2026-XD-B05-S6-M05,2,5,6,119,120,,,0,0,2,32,42,2,0,0,0,Completed,Bottom half > Section 4
833,2026-XD-B05-S6-M07,2,5,6,337,338,,,1,2,1,58,59,3,1,0,0,Completed,Bottom half > Section 4
834,2026-XD-B05-S6-M07,2,5,6,338,337,,,0,1,2,59,58,3,1,0,0,Completed,Bottom half > Section 4
835,2026-XD-B05-S5-M01,2,5,5,128,138,,15,0,0,2,22,42,2,0,0,0,Completed,Bottom half > Section 4
836,2026-XD-B05-S5-M01,2,5,5,138,128,15,,1,2,0,42,22,2,0,0,0,Completed,Bottom half > Section 4
837,2026-XD-B05-S5-M02,2,5,5,336,115,,6,0,0,2,14,42,2,0,0,0,Completed,Bottom half > Section 4
838,2026-XD-B05-S5-M02,2,5,5,115,336,6,,1,2,0,42,14,2,0,0,0,Completed,Bottom half > Section 4
839,2026-XD-B05-S5-M03,2,5,5,120,339,,12,0,0,0,8,18,1,0,0,0,Retired,Bottom half > Section 4
840,2026-XD-B05-S5-M03,2,5,5,339,120,12,,1,0,0,18,8,1,0,0,0,Retired,Bottom half > Section 4
841,2026-XD-B05-S5-M04,2,5,5,337,116,,2,0,0,2,18,42,2,0,0,0,Completed,Bottom half > Section 4
842,2026-XD-B05-S5-M04,2,5,5,116,337,2,,1,2,0,42,18,2,0,0,0,Completed,Bottom half > Section 4
843,2026-XD-B05-S4-M01,2,5,4,138,115,15,6,0,0,2,21,42,2,0,0,0,Completed,Bottom half > Section 4
844,2026-XD-B05-S4-M01,2,5,4,115,138,6,15,1,2,0,42,21,2,0,0,0,Completed,Bottom half > Section 4
845,2026-XD-B05-S4-M02,2,5,4,339,116,12,2,0,0,2,29,42,2,0,0,0,Completed,Bottom half > Section 4
846,2026-XD-B05-S4-M02,2,5,4,116,339,2,12,1,2,0,42,29,2,0,0,0,Completed,Bottom half > Section 4
847,2026-XD-B05-S3-M01,2,5,3,115,116,6,2,0,0,2,30,42,2,0,0,0,Completed,Bottom half > Section 4
848,2026-XD-B05-S3-M01,2,5,3,116,115,2,6,1,2,0,42,30,2,0,0,0,Completed,Bottom half > Section 4
849,2026-WD-B01-S2-M01,2,4,2,161,340,1,,1,2,1,60,42,3,1,0,0,Completed,Finals
850,2026-WD-B01-S2-M01,2,4,2,340,161,,1,0,1,2,42,60,3,1,0,0,Completed,Finals
851,2026-WD-B01-S2-M02,2,4,2,185,187,3,8,1,2,0,42,29,2,0,0,0,Completed,Finals
852,2026-WD-B01-S2-M02,2,4,2,187,185,8,3,0,0,2,29,42,2,0,0,0,Completed,Finals
853,2026-WD-B01-S1-M01,2,4,1,161,185,1,3,0,0,2,30,42,2,0,0,1,Completed,Finals
854,2026-WD-B01-S1-M01,2,4,1,185,161,3,1,1,2,0,42,30,2,0,0,1,Completed,Finals
855,2026-WD-B02-S6-M02,2,4,6,341,342,,,1,2,1,52,42,3,1,0,0,Completed,Top half > Section 1
856,2026-WD-B02-S6-M02,2,4,6,342,341,,,0,1,2,42,52,3,1,0,0,Completed,Top half > Section 1
857,2026-WD-B02-S6-M04,2,4,6,189,343,,,0,0,2,34,43,2,0,1,0,Completed,Top half > Section 1
858,2026-WD-B02-S6-M04,2,4,6,343,189,,,1,2,0,43,34,2,0,1,0,Completed,Top half > Section 1
859,2026-WD-B02-S6-M06,2,4,6,173,170,,,1,2,0,42,21,2,0,0,0,Completed,Top half > Section 1
860,2026-WD-B02-S6-M06,2,4,6,170,173,,,0,0,2,21,42,2,0,0,0,Completed,Top half > Section 1
861,2026-WD-B02-S6-M08,2,4,6,344,345,,,1,2,0,42,19,2,0,0,0,Completed,Top half > Section 1
862,2026-WD-B02-S6-M08,2,4,6,345,344,,,0,0,2,19,42,2,0,0,0,Completed,Top half > Section 1
863,2026-WD-B02-S5-M01,2,4,5,161,341,1,,1,2,0,42,21,2,0,0,0,Completed,Top half > Section 1
864,2026-WD-B02-S5-M01,2,4,5,341,161,,1,0,0,2,21,42,2,0,0,0,Completed,Top half > Section 1
865,2026-WD-B02-S5-M02,2,4,5,199,343,9,,1,2,0,42,21,2,0,0,0,Completed,Top half > Section 1
866,2026-WD-B02-S5-M02,2,4,5,343,199,,9,0,0,2,21,42,2,0,0,0,Completed,Top half > Section 1
867,2026-WD-B02-S5-M03,2,4,5,175,173,11,,1,2,0,45,36,2,0,1,0,Completed,Top half > Section 1
868,2026-WD-B02-S5-M03,2,4,5,173,175,,11,0,0,2,36,45,2,0,1,0,Completed,Top half > Section 1
869,2026-WD-B02-S5-M04,2,4,5,198,344,,,1,2,0,42,33,2,0,0,0,Completed,Top half > Section 1
870,2026-WD-B02-S5-M04,2,4,5,344,198,,,0,0,2,33,42,2,0,0,0,Completed,Top half > Section 1
871,2026-WD-B02-S4-M01,2,4,4,161,199,1,9,1,2,0,42,34,2,0,0,0,Completed,Top half > Section 1
872,2026-WD-B02-S4-M01,2,4,4,199,161,9,1,0,0,2,34,42,2,0,0,0,Completed,Top half > Section 1
873,2026-WD-B02-S4-M02,2,4,4,175,198,11,,0,0,2,34,42,2,0,0,1,Completed,Top half > Section 1
874,2026-WD-B02-S4-M02,2,4,4,198,175,,11,1,2,0,42,34,2,0,0,1,Completed,Top half > Section 1
875,2026-WD-B02-S3-M01,2,4,3,161,198,1,,1,2,0,42,31,2,0,0,0,Completed,Top half > Section 1
876,2026-WD-B02-S3-M01,2,4,3,198,161,,1,0,0,2,31,42,2,0,0,0,Completed,Top half > Section 1
877,2026-WD-B03-S6-M02,2,4,6,205,346,,,1,2,0,42,30,2,0,0,0,Completed,Top half > Section 2
878,2026-WD-B03-S6-M02,2,4,6,346,205,,,0,0,2,30,42,2,0,0,0,Completed,Top half > Section 2
879,2026-WD-B03-S6-M04,2,4,6,347,348,,,1,2,1,62,56,3,1,1,0,Completed,Top half > Section 2
880,2026-WD-B03-S6-M04,2,4,6,348,347,,,0,1,2,56,62,3,1,1,0,Completed,Top half > Section 2
881,2026-WD-B03-S6-M06,2,4,6,349,350,,,1,2,0,42,32,2,0,0,0,Completed,Top half > Section 2
882,2026-WD-B03-S6-M06,2,4,6,350,349,,,0,0,2,32,42,2,0,0,0,Completed,Top half > Section 2
883,2026-WD-B03-S6-M08,2,4,6,340,168,,,1,2,0,42,22,2,0,0,0,Completed,Top half > Section 2
884,2026-WD-B03-S6-M08,2,4,6,168,340,,,0,0,2,22,42,2,0,0,0,Completed,Top half > Section 2
885,2026-WD-B03-S5-M01,2,4,5,174,205,4,,1,2,0,42,23,2,0,0,0,Completed,Top half > Section 2
886,2026-WD-B03-S5-M01,2,4,5,205,174,,4,0,0,2,23,42,2,0,0,0,Completed,Top half > Section 2
887,2026-WD-B03-S5-M02,2,4,5,196,347,10,,1,2,0,42,22,2,0,0,0,Completed,Top half > Section 2
888,2026-WD-B03-S5-M02,2,4,5,347,196,,10,0,0,2,22,42,2,0,0,0,Completed,Top half > Section 2
889,2026-WD-B03-S5-M03,2,4,5,162,349,7,,1,2,0,42,29,2,0,0,0,Completed,Top half > Section 2
890,2026-WD-B03-S5-M03,2,4,5,349,162,,7,0,0,2,29,42,2,0,0,0,Completed,Top half > Section 2
891,2026-WD-B03-S5-M04,2,4,5,191,340,16,,0,0,2,27,42,2,0,0,1,Completed,Top half > Section 2
892,2026-WD-B03-S5-M04,2,4,5,340,191,,16,1,2,0,42,27,2,0,0,1,Completed,Top half > Section 2
893,2026-WD-B03-S4-M01,2,4,4,174,196,4,10,1,2,0,42,29,2,0,0,0,Completed,Top half > Section 2
894,2026-WD-B03-S4-M01,2,4,4,196,174,10,4,0,0,2,29,42,2,0,0,0,Completed,Top half > Section 2
895,2026-WD-B03-S4-M02,2,4,4,162,340,7,,0,0,2,28,42,2,0,0,1,Completed,Top half > Section 2
896,2026-WD-B03-S4-M02,2,4,4,340,162,,7,1,2,0,42,28,2,0,0,1,Completed,Top half > Section 2
897,2026-WD-B03-S3-M01,2,4,3,174,340,4,,0,1,2,49,58,3,1,0,1,Completed,Top half > Section 2
898,2026-WD-B03-S3-M01,2,4,3,340,174,,4,1,2,1,58,49,3,1,0,1,Completed,Top half > Section 2
899,2026-WD-B04-S6-M01,2,4,6,351,352,,,0,1,2,50,60,3,1,0,0,Completed,Bottom half > Section 3
900,2026-WD-B04-S6-M01,2,4,6,352,351,,,1,2,1,60,50,3,1,0,0,Completed,Bottom half > Section 3
901,2026-WD-B04-S6-M03,2,4,6,172,194,,,0,0,2,21,42,2,0,0,0,Completed,Bottom half > Section 3
902,2026-WD-B04-S6-M03,2,4,6,194,172,,,1,2,0,42,21,2,0,0,0,Completed,Bottom half > Section 3
903,2026-WD-B04-S6-M05,2,4,6,353,354,,,1,2,0,42,26,2,0,0,0,Completed,Bottom half > Section 3
904,2026-WD-B04-S6-M05,2,4,6,354,353,,,0,0,2,26,42,2,0,0,0,Completed,Bottom half > Section 3
905,2026-WD-B04-S6-M07,2,4,6,355,356,,,0,0,2,12,42,2,0,0,0,Completed,Bottom half > Section 3
906,2026-WD-B04-S6-M07,2,4,6,356,355,,,1,2,0,42,12,2,0,0,0,Completed,Bottom half > Section 3
907,2026-WD-B04-S5-M01,2,4,5,352,357,,13,0,0,2,26,42,2,0,0,0,Completed,Bottom half > Section 3
908,2026-WD-B04-S5-M01,2,4,5,357,352,13,,1,2,0,42,26,2,0,0,0,Completed,Bottom half > Section 3
909,2026-WD-B04-S5-M02,2,4,5,194,164,,5,0,0,2,29,42,2,0,0,0,Completed,Bottom half > Section 3
910,2026-WD-B04-S5-M02,2,4,5,164,194,5,,1,2,0,42,29,2,0,0,0,Completed,Bottom half > Section 3
911,2026-WD-B04-S5-M03,2,4,5,353,358,,14,0,1,2,38,61,3,1,0,0,Completed,Bottom half > Section 3
912,2026-WD-B04-S5-M03,2,4,5,358,353,14,,1,2,1,61,38,3,1,0,0,Completed,Bottom half > Section 3
913,2026-WD-B04-S5-M04,2,4,5,356,185,,3,0,0,2,26,42,2,0,0,0,Completed,Bottom half > Section 3
914,2026-WD-B04-S5-M04,2,4,5,185,356,3,,1,2,0,42,26,2,0,0,0,Completed,Bottom half > Section 3
915,2026-WD-B04-S4-M01,2,4,4,357,164,13,5,1,2,1,62,52,3,1,1,1,Completed,Bottom half > Section 3
916,2026-WD-B04-S4-M01,2,4,4,164,357,5,13,0,1,2,52,62,3,1,1,1,Completed,Bottom half > Section 3
917,2026-WD-B04-S4-M02,2,4,4,358,185,14,3,0,1,2,43,50,3,1,0,0,Completed,Bottom half > Section 3
918,2026-WD-B04-S4-M02,2,4,4,185,358,3,14,1,2,1,50,43,3,1,0,0,Completed,Bottom half > Section 3
919,2026-WD-B04-S3-M01,2,4,3,357,185,13,3,0,0,2,22,42,2,0,0,0,Completed,Bottom half > Section 3
920,2026-WD-B04-S3-M01,2,4,3,185,357,3,13,1,2,0,42,22,2,0,0,0,Completed,Bottom half > Section 3
921,2026-WD-B05-S6-M01,2,4,6,359,360,,,0,1,2,56,61,3,1,0,0,Completed,Bottom half > Section 4
922,2026-WD-B05-S6-M01,2,4,6,360,359,,,1,2,1,61,56,3,1,0,0,Completed,Bottom half > Section 4
923,2026-WD-B05-S6-M03,2,4,6,361,362,,,0,0,2,25,42,2,0,0,0,Completed,Bottom half > Section 4
924,2026-WD-B05-S6-M03,2,4,6,362,361,,,1,2,0,42,25,2,0,0,0,Completed,Bottom half > Section 4
925,2026-WD-B05-S6-M05,2,4,6,363,179,,,1,2,0,42,30,2,0,0,0,Completed,Bottom half > Section 4
926,2026-WD-B05-S6-M05,2,4,6,179,363,,,0,0,2,30,42,2,0,0,0,Completed,Bottom half > Section 4
927,2026-WD-B05-S6-M07,2,4,6,364,182,,,1,2,0,42,29,2,0,0,0,Completed,Bottom half > Section 4
928,2026-WD-B05-S6-M07,2,4,6,182,364,,,0,0,2,29,42,2,0,0,0,Completed,Bottom half > Section 4
929,2026-WD-B05-S5-M01,2,4,5,360,365,,15,0,0,2,28,42,2,0,0,0,Completed,Bottom half > Section 4
930,2026-WD-B05-S5-M01,2,4,5,365,360,15,,1,2,0,42,28,2,0,0,0,Completed,Bottom half > Section 4
931,2026-WD-B05-S5-M02,2,4,5,362,187,,8,0,0,2,18,42,2,0,0,0,Completed,Bottom half > Section 4
932,2026-WD-B05-S5-M02,2,4,5,187,362,8,,1,2,0,42,18,2,0,0,0,Completed,Bottom half > Section 4
933,2026-WD-B05-S5-M03,2,4,5,363,366,,12,0,0,2,21,42,2,0,0,0,Completed,Bottom half > Section 4
934,2026-WD-B05-S5-M03,2,4,5,366,363,12,,1,2,0,42,21,2,0,0,0,Completed,Bottom half > Section 4
935,2026-WD-B05-S5-M04,2,4,5,364,208,,2,0,0,2,30,42,2,0,0,0,Completed,Bottom half > Section 4
936,2026-WD-B05-S5-M04,2,4,5,208,364,2,,1,2,0,42,30,2,0,0,0,Completed,Bottom half > Section 4
937,2026-WD-B05-S4-M01,2,4,4,365,187,15,8,0,0,2,28,42,2,0,0,0,Completed,Bottom half > Section 4
938,2026-WD-B05-S4-M01,2,4,4,187,365,8,15,1,2,0,42,28,2,0,0,0,Completed,Bottom half > Section 4
939,2026-WD-B05-S4-M02,2,4,4,366,208,12,2,1,1,0,27,20,2,0,0,1,Retired,Bottom half > Section 4
940,2026-WD-B05-S4-M02,2,4,4,208,366,2,12,0,0,1,20,27,2,0,0,1,Retired,Bottom half > Section 4
941,2026-WD-B05-S3-M01,2,4,3,187,366,8,12,1,2,0,42,27,2,0,0,0,Completed,Bottom half > Section 4
942,2026-WD-B05-S3-M01,2,4,3,366,187,12,8,0,0,2,27,42,2,0,0,0,Completed,Bottom half > Section 4
943,2026-WS-B01-S2-M01,2,2,2,210,273,1,3,1,2,0,45,38,2,0,1,0,Completed,Finals
944,2026-WS-B01-S2-M01,2,2,2,273,210,3,1,0,0,2,38,45,2,0,1,0,Completed,Finals
945,2026-WS-B01-S2-M02,2,2,2,236,212,10,2,0,0,2,29,42,2,0,0,0,Completed,Finals
946,2026-WS-B01-S2-M02,2,2,2,212,236,2,10,1,2,0,42,29,2,0,0,0,Completed,Finals
947,2026-WS-B01-S1-M01,2,2,1,210,212,1,2,1,2,0,42,31,2,0,0,0,Completed,Finals
948,2026-WS-B01-S1-M01,2,2,1,212,210,2,1,0,0,2,31,42,2,0,0,0,Completed,Finals
949,2026-WS-B02-S6-M01,2,2,6,210,268,1,,1,2,0,42,27,2,0,0,0,Completed,Top half > Section 1
950,2026-WS-B02-S6-M01,2,2,6,268,210,,1,0,0,2,27,42,2,0,0,0,Completed,Top half > Section 1
951,2026-WS-B02-S6-M02,2,2,6,367,215,,,1,2,0,43,27,2,0,1,0,Completed,Top half > Section 1
952,2026-WS-B02-S6-M02,2,2,6,215,367,,,0,0,2,27,43,2,0,1,0,Completed,Top half > Section 1
953,2026-WS-B02-S6-M03,2,2,6,230,260,16,,1,2,0,42,22,2,0,0,0,Completed,Top half > Section 1
954,2026-WS-B02-S6-M03,2,2,6,260,230,,16,0,0,2,22,42,2,0,0,0,Completed,Top half > Section 1
955,2026-WS-B02-S6-M04,2,2,6,242,247,,,0,1,2,42,62,3,1,1,0,Completed,Top half > Section 1
956,2026-WS-B02-S6-M04,2,2,6,247,242,,,1,2,1,62,42,3,1,1,0,Completed,Top half > Section 1
957,2026-WS-B02-S6-M05,2,2,6,258,235,5,,1,2,1,62,48,3,1,1,0,Completed,Top half > Section 1
958,2026-WS-B02-S6-M05,2,2,6,235,258,,5,0,1,2,48,62,3,1,1,0,Completed,Top half > Section 1
959,2026-WS-B02-S6-M06,2,2,6,216,272,,,1,2,0,42,19,2,0,0,0,Completed,Top half > Section 1
960,2026-WS-B02-S6-M06,2,2,6,272,216,,,0,0,2,19,42,2,0,0,0,Completed,Top half > Section 1
961,2026-WS-B02-S6-M07,2,2,6,249,368,12,,1,2,0,42,12,2,0,0,0,Completed,Top half > Section 1
962,2026-WS-B02-S6-M07,2,2,6,368,249,,12,0,0,2,12,42,2,0,0,0,Completed,Top half > Section 1
963,2026-WS-B02-S6-M08,2,2,6,369,223,,,1,2,0,42,19,2,0,0,0,Completed,Top half > Section 1
964,2026-WS-B02-S6-M08,2,2,6,223,369,,,0,0,2,19,42,2,0,0,0,Completed,Top half > Section 1
965,2026-WS-B02-S5-M01,2,2,5,210,367,1,,1,2,0,42,26,2,0,0,0,Completed,Top half > Section 1
966,2026-WS-B02-S5-M01,2,2,5,367,210,,1,0,0,2,26,42,2,0,0,0,Completed,Top half > Section 1
967,2026-WS-B02-S5-M02,2,2,5,230,247,16,,1,2,1,54,60,3,1,1,0,Completed,Top half > Section 1
968,2026-WS-B02-S5-M02,2,2,5,247,230,,16,0,1,2,60,54,3,1,1,0,Completed,Top half > Section 1
969,2026-WS-B02-S5-M03,2,2,5,258,216,5,,1,2,0,42,22,2,0,0,0,Completed,Top half > Section 1
970,2026-WS-B02-S5-M03,2,2,5,216,258,,5,0,0,2,22,42,2,0,0,0,Completed,Top half > Section 1
971,2026-WS-B02-S5-M04,2,2,5,249,369,12,,1,2,0,45,37,2,0,1,0,Completed,Top half > Section 1
972,2026-WS-B02-S5-M04,2,2,5,369,249,,12,0,0,2,37,45,2,0,1,0,Completed,Top half > Section 1
973,2026-WS-B02-S4-M01,2,2,4,210,230,1,16,1,2,0,42,26,2,0,0,0,Completed,Top half > Section 1
974,2026-WS-B02-S4-M01,2,2,4,230,210,16,1,0,0,2,26,42,2,0,0,0,Completed,Top half > Section 1
975,2026-WS-B02-S4-M02,2,2,4,258,249,5,12,1,2,1,62,55,3,1,1,0,Completed,Top half > Section 1
976,2026-WS-B02-S4-M02,2,2,4,249,258,12,5,0,1,2,55,62,3,1,1,0,Completed,Top half > Section 1
977,2026-WS-B02-S3-M01,2,2,3,210,258,1,5,1,2,0,42,31,2,0,0,0,Completed,Top half > Section 1
978,2026-WS-B02-S3-M01,2,2,3,258,210,5,1,0,0,2,31,42,2,0,0,0,Completed,Top half > Section 1
979,2026-WS-B03-S6-M01,2,2,6,273,255,3,,1,2,0,42,25,2,0,0,0,Completed,Top half > Section 2
980,2026-WS-B03-S6-M01,2,2,6,255,273,,3,0,0,2,25,42,2,0,0,0,Completed,Top half > Section 2
981,2026-WS-B03-S6-M02,2,2,6,267,234,,,1,2,0,42,18,2,0,0,0,Completed,Top half > Section 2
982,2026-WS-B03-S6-M02,2,2,6,234,267,,,0,0,2,18,42,2,0,0,0,Completed,Top half > Section 2
983,2026-WS-B03-S6-M03,2,2,6,269,370,9,,1,2,0,42,18,2,0,0,0,Completed,Top half > Section 2
984,2026-WS-B03-S6-M03,2,2,6,370,269,,9,0,0,2,18,42,2,0,0,0,Completed,Top half > Section 2
985,2026-WS-B03-S6-M04,2,2,6,238,371,,,0,0,2,26,42,2,0,0,0,Completed,Top half > Section 2
986,2026-WS-B03-S6-M04,2,2,6,371,238,,,1,2,0,42,26,2,0,0,0,Completed,Top half > Section 2
987,2026-WS-B03-S6-M05,2,2,6,213,372,6,,1,2,0,42,18,2,0,0,0,Completed,Top half > Section 2
988,2026-WS-B03-S6-M05,2,2,6,372,213,,6,0,0,2,18,42,2,0,0,0,Completed,Top half > Section 2
989,2026-WS-B03-S6-M06,2,2,6,256,222,,,0,1,2,54,59,3,1,1,0,Completed,Top half > Section 2
990,2026-WS-B03-S6-M06,2,2,6,222,256,,,1,2,1,59,54,3,1,1,0,Completed,Top half > Section 2
991,2026-WS-B03-S6-M07,2,2,6,373,374,15,,1,2,0,42,21,2,0,0,0,Completed,Top half > Section 2
992,2026-WS-B03-S6-M07,2,2,6,374,373,,15,0,0,2,21,42,2,0,0,0,Completed,Top half > Section 2
993,2026-WS-B03-S6-M08,2,2,6,259,375,,,0,0,2,35,42,2,0,0,0,Completed,Top half > Section 2
994,2026-WS-B03-S6-M08,2,2,6,375,259,,,1,2,0,42,35,2,0,0,0,Completed,Top half > Section 2
995,2026-WS-B03-S5-M01,2,2,5,273,267,3,,1,2,0,42,25,2,0,0,0,Completed,Top half > Section 2
996,2026-WS-B03-S5-M01,2,2,5,267,273,,3,0,0,2,25,42,2,0,0,0,Completed,Top half > Section 2
997,2026-WS-B03-S5-M02,2,2,5,269,371,9,,1,2,0,42,33,2,0,0,0,Completed,Top half > Section 2
998,2026-WS-B03-S5-M02,2,2,5,371,269,,9,0,0,2,33,42,2,0,0,0,Completed,Top half > Section 2
999,2026-WS-B03-S5-M03,2,2,5,213,222,6,,1,2,0,42,21,2,0,0,0,Completed,Top half > Section 2
1000,2026-WS-B03-S5-M03,2,2,5,222,213,,6,0,0,2,21,42,2,0,0,0,Completed,Top half > Section 2
1001,2026-WS-B03-S5-M04,2,2,5,373,375,15,,1,2,0,42,27,2,0,0,0,Completed,Top half > Section 2
1002,2026-WS-B03-S5-M04,2,2,5,375,373,,15,0,0,2,27,42,2,0,0,0,Completed,Top half > Section 2
1003,2026-WS-B03-S4-M01,2,2,4,273,269,3,9,1,2,1,57,49,3,1,0,0,Completed,Top half > Section 2
1004,2026-WS-B03-S4-M01,2,2,4,269,273,9,3,0,1,2,49,57,3,1,0,0,Completed,Top half > Section 2
1005,2026-WS-B03-S4-M02,2,2,4,213,373,6,15,0,0,2,35,42,2,0,0,1,Completed,Top half > Section 2
1006,2026-WS-B03-S4-M02,2,2,4,373,213,15,6,1,2,0,42,35,2,0,0,1,Completed,Top half > Section 2
1007,2026-WS-B03-S3-M01,2,2,3,273,373,3,15,1,2,0,42,17,2,0,0,0,Completed,Top half > Section 2
1008,2026-WS-B03-S3-M01,2,2,3,373,273,15,3,0,0,2,17,42,2,0,0,0,Completed,Top half > Section 2
1009,2026-WS-B04-S6-M01,2,2,6,271,229,,,1,2,0,42,21,2,0,0,0,Completed,Bottom half > Section 3
1010,2026-WS-B04-S6-M01,2,2,6,229,271,,,0,0,2,21,42,2,0,0,0,Completed,Bottom half > Section 3
1011,2026-WS-B04-S6-M02,2,2,6,219,376,,11,0,1,2,46,60,3,1,0,0,Completed,Bottom half > Section 3
1012,2026-WS-B04-S6-M02,2,2,6,376,219,11,,1,2,1,60,46,3,1,0,0,Completed,Bottom half > Section 3
1013,2026-WS-B04-S6-M03,2,2,6,239,377,,,1,2,0,42,15,2,0,0,0,Completed,Bottom half > Section 3
1014,2026-WS-B04-S6-M03,2,2,6,377,239,,,0,0,2,15,42,2,0,0,0,Completed,Bottom half > Section 3
1015,2026-WS-B04-S6-M04,2,2,6,264,232,,7,0,0,2,24,42,2,0,0,0,Completed,Bottom half > Section 3
1016,2026-WS-B04-S6-M04,2,2,6,232,264,7,,1,2,0,42,24,2,0,0,0,Completed,Bottom half > Section 3
1017,2026-WS-B04-S6-M05,2,2,6,378,379,,,1,2,1,60,46,3,1,0,0,Completed,Bottom half > Section 3
1018,2026-WS-B04-S6-M05,2,2,6,379,378,,,0,1,2,46,60,3,1,0,0,Completed,Bottom half > Section 3
1019,2026-WS-B04-S6-M06,2,2,6,380,236,,10,0,0,2,28,42,2,0,0,0,Completed,Bottom half > Section 3
1020,2026-WS-B04-S6-M06,2,2,6,236,380,10,,1,2,0,42,28,2,0,0,0,Completed,Bottom half > Section 3
1021,2026-WS-B04-S6-M07,2,2,6,381,248,,,0,1,2,49,62,3,1,1,0,Completed,Bottom half > Section 3
1022,2026-WS-B04-S6-M07,2,2,6,248,381,,,1,2,1,62,49,3,1,1,0,Completed,Bottom half > Section 3
1023,2026-WS-B04-S6-M08,2,2,6,261,211,,4,0,1,2,40,60,3,1,0,0,Completed,Bottom half > Section 3
1024,2026-WS-B04-S6-M08,2,2,6,211,261,4,,1,2,1,60,40,3,1,0,0,Completed,Bottom half > Section 3
1025,2026-WS-B04-S5-M01,2,2,5,271,376,,11,0,0,2,27,42,2,0,0,0,Completed,Bottom half > Section 3
1026,2026-WS-B04-S5-M01,2,2,5,376,271,11,,1,2,0,42,27,2,0,0,0,Completed,Bottom half > Section 3
1027,2026-WS-B04-S5-M02,2,2,5,239,232,,7,1,0,1,24,28,2,0,0,1,Retired,Bottom half > Section 3
1028,2026-WS-B04-S5-M02,2,2,5,232,239,7,,0,1,0,28,24,2,0,0,1,Retired,Bottom half > Section 3
1029,2026-WS-B04-S5-M03,2,2,5,378,236,,10,0,0,2,26,42,2,0,0,0,Completed,Bottom half > Section 3
1030,2026-WS-B04-S5-M03,2,2,5,236,378,10,,1,2,0,42,26,2,0,0,0,Completed,Bottom half > Section 3
1031,2026-WS-B04-S5-M04,2,2,5,248,211,,4,0,0,2,30,42,2,0,0,0,Completed,Bottom half > Section 3
1032,2026-WS-B04-S5-M04,2,2,5,211,248,4,,1,2,0,42,30,2,0,0,0,Completed,Bottom half > Section 3
1033,2026-WS-B04-S4-M01,2,2,4,376,239,11,,1,2,1,55,44,3,1,0,0,Completed,Bottom half > Section 3
1034,2026-WS-B04-S4-M01,2,2,4,239,376,,11,0,1,2,44,55,3,1,0,0,Completed,Bottom half > Section 3
1035,2026-WS-B04-S4-M02,2,2,4,236,211,10,4,1,2,1,61,61,3,1,1,1,Completed,Bottom half > Section 3
1036,2026-WS-B04-S4-M02,2,2,4,211,236,4,10,0,1,2,61,61,3,1,1,1,Completed,Bottom half > Section 3
1037,2026-WS-B04-S3-M01,2,2,3,376,236,11,10,0,0,0,0,0,0,0,0,0,Walkover,Bottom half > Section 3
1038,2026-WS-B04-S3-M01,2,2,3,236,376,10,11,1,0,0,0,0,0,0,0,0,Walkover,Bottom half > Section 3
1039,2026-WS-B05-S6-M01,2,2,6,241,382,,,0,0,2,36,43,2,0,1,0,Completed,Bottom half > Section 4
1040,2026-WS-B05-S6-M01,2,2,6,382,241,,,1,2,0,43,36,2,0,1,0,Completed,Bottom half > Section 4
1041,2026-WS-B05-S6-M02,2,2,6,257,217,,13,0,0,2,32,43,2,0,1,0,Completed,Bottom half > Section 4
1042,2026-WS-B05-S6-M02,2,2,6,217,257,13,,1,2,0,43,32,2,0,1,0,Completed,Bottom half > Section 4
1043,2026-WS-B05-S6-M03,2,2,6,246,251,,,0,1,2,50,55,3,1,0,0,Completed,Bottom half > Section 4
1044,2026-WS-B05-S6-M03,2,2,6,251,246,,,1,2,1,55,50,3,1,0,0,Completed,Bottom half > Section 4
1045,2026-WS-B05-S6-M04,2,2,6,383,265,,8,0,1,2,45,57,3,1,0,0,Completed,Bottom half > Section 4
1046,2026-WS-B05-S6-M04,2,2,6,265,383,8,,1,2,1,57,45,3,1,0,0,Completed,Bottom half > Section 4
1047,2026-WS-B05-S6-M05,2,2,6,252,244,,,1,2,0,42,22,2,0,0,0,Completed,Bottom half > Section 4
1048,2026-WS-B05-S6-M05,2,2,6,244,252,,,0,0,2,22,42,2,0,0,0,Completed,Bottom half > Section 4
1049,2026-WS-B05-S6-M06,2,2,6,243,225,,14,0,0,2,34,42,2,0,0,0,Completed,Bottom half > Section 4
1050,2026-WS-B05-S6-M06,2,2,6,225,243,14,,1,2,0,42,34,2,0,0,0,Completed,Bottom half > Section 4
1051,2026-WS-B05-S6-M07,2,2,6,384,385,,,1,2,0,42,22,2,0,0,0,Completed,Bottom half > Section 4
1052,2026-WS-B05-S6-M07,2,2,6,385,384,,,0,0,2,22,42,2,0,0,0,Completed,Bottom half > Section 4
1053,2026-WS-B05-S6-M08,2,2,6,233,212,,2,0,0,2,22,42,2,0,0,0,Completed,Bottom half > Section 4
1054,2026-WS-B05-S6-M08,2,2,6,212,233,2,,1,2,0,42,22,2,0,0,0,Completed,Bottom half > Section 4
1055,2026-WS-B05-S5-M01,2,2,5,382,217,,13,0,1,2,51,55,3,1,1,0,Completed,Bottom half > Section 4
1056,2026-WS-B05-S5-M01,2,2,5,217,382,13,,1,2,1,55,51,3,1,1,0,Completed,Bottom half > Section 4
1057,2026-WS-B05-S5-M02,2,2,5,251,265,,8,0,0,2,27,42,2,0,0,0,Completed,Bottom half > Section 4
1058,2026-WS-B05-S5-M02,2,2,5,265,251,8,,1,2,0,42,27,2,0,0,0,Completed,Bottom half > Section 4
1059,2026-WS-B05-S5-M03,2,2,5,252,225,,14,0,1,2,49,61,3,1,0,0,Completed,Bottom half > Section 4
1060,2026-WS-B05-S5-M03,2,2,5,225,252,14,,1,2,1,61,49,3,1,0,0,Completed,Bottom half > Section 4
1061,2026-WS-B05-S5-M04,2,2,5,384,212,,2,0,0,2,28,42,2,0,0,0,Completed,Bottom half > Section 4
1062,2026-WS-B05-S5-M04,2,2,5,212,384,2,,1,2,0,42,28,2,0,0,0,Completed,Bottom half > Section 4
1063,2026-WS-B05-S4-M01,2,2,4,217,265,13,8,1,2,1,59,55,3,1,0,1,Completed,Bottom half > Section 4
1064,2026-WS-B05-S4-M01,2,2,4,265,217,8,13,0,1,2,55,59,3,1,0,1,Completed,Bottom half > Section 4
1065,2026-WS-B05-S4-M02,2,2,4,225,212,14,2,0,0,2,27,42,2,0,0,0,Completed,Bottom half > Section 4
1066,2026-WS-B05-S4-M02,2,2,4,212,225,2,14,1,2,0,42,27,2,0,0,0,Completed,Bottom half > Section 4
1067,2026-WS-B05-S3-M01,2,2,3,217,212,13,2,0,0,2,27,42,2,0,0,0,Completed,Bottom half > Section 4
1068,2026-WS-B05-S3-M01,2,2,3,212,217,2,13,1,2,0,42,27,2,0,0,0,Completed,Bottom half > Section 4
