year,event,seed,players,country,exit_round
2025,MD,1,Kim Won-ho / Seo Seung-jae,KOR,
2025,MD,2,Aaron Chia / Soh Wooi Yik,MAS,quarter-finals
2025,MD,3,Goh Sze Fei / Nur Izzuddin,MAS,third round
2025,MD,4,Fajar Alfian / Muhammad Rian Ardianto,INA,third round
2025,MD,5,Kim Astrup / Anders Skaarup Rasmussen,DEN,semi-finals
2025,MD,6,Liang Weikeng / Wang Chang,CHN,third round
2025,MD,7,Man Wei Chong / Tee Kai Wun,MAS,quarter-finals
2025,MD,8,Sabar Karyaman Gutama / Muhammad Reza Pahlevi Isfahani,INA,second round
2025,MD,9,Satwiksairaj Rankireddy / Chirag Shetty,IND,semi-final
2025,MD,10,Leo Rolly Carnando / Bagas Maulana,INA,third round
2025,MD,11,Chen Boyang / Liu Yi,CHN,final
2025,MD,12,Kittinupong Kedren / Dechapol Puavaranukroh,THA,second round
2025,MD,13,Takuro Hoki / Yugo Kobayashi,JPN,quarter-finals
2025,MD,14,Ben Lane / Sean Vendy,ENG,third round
2025,MD,15,Chiu Hsiang-chieh / Wang Chi-lin,TPE,third round
2025,MD,16,Lee Jhe-huei / Yang Po-hsuan,TPE,quarter-finals
2025,MS,1,Shi Yuqi,CHN,
2025,MS,2,Anders Antonsen,DEN,semi-finals
2025,MS,3,Kunlavut Vitidsarn,THA,final
2025,MS,4,Li Shifeng,CHN,first round
2025,MS,5,Jonatan Christie,INA,quarter-finals
2025,MS,6,Chou Tien-chen,TPE,quarter-finals
2025,MS,7,Alex Lanier,FRA,third round
2025,MS,8,Kodai Naraoka,JPN,third round
2025,MS,9,Loh Kean Yew,SIN,quarter-finals
2025,MS,10,Christo Popov,FRA,third round
2025,MS,11,Lu Guangzu,CHN,second round
2025,MS,12,Lin Chun-yi,TPE,second round
2025,MS,13,Lee Cheuk Yiu,HKG,third round
2025,MS,14,Kenta Nishimoto,JPN,third round
2025,MS,15,Toma Junior Popov,FRA,third round
2025,MS,16,Weng Hongyang,CHN,quarter-finals
2025,XD,1,Feng Yanzhe / Huang Dongping,CHN,second round
2025,XD,2,Jiang Zhenbang / Wei Yaxin,CHN,final
2025,XD,3,Dechapol Puavaranukroh / Supissara Paewsampran,THA,third round
2025,XD,4,Chen Tang Jie / Toh Ee Wei,MAS,champions
2025,XD,5,Tang Chun Man / Tse Ying Suet,HKG,third round
2025,XD,6,Goh Soon Huat / Shevon Jemie Lai,MAS,third round
2025,XD,7,Guo Xinwa / Chen Fanghui,CHN,semi-finals
2025,XD,8,Thom Gicquel / Delphine Delrue,FRA,semi-finals
2025,XD,9,Hiroki Midorikawa / Natsu Saito,JPN,quarter-finals
2025,XD,10,Jesper Toft / Amalie Magelund,DEN,third round
2025,XD,11,Jafar Hidayatullah / Felisha Pasaribu,INA,third round
2025,XD,12,Cheng Xing / Zhang Chi,CHN,quarter-finals
2025,XD,13,Yang Po-hsuan / Hu Ling-fang,TPE,third round
2025,XD,14,Ruttanapak Oupthong / Jhenicha Sudjaipraparat,THA,second round
2025,XD,15,Hoo Pang Ron / Cheng Su Yin,MAS,quarter-finals
2025,XD,16,Dhruv Kapila / Tanisha Crasto,IND,quarter-finals
2025,WD,1,Liu Shengshu / Tan Ning,CHN,
2025,WD,2,Pearly Tan / Thinaah Muralitharan,MAS,final
2025,WD,3,Nami Matsuyama / Chiharu Shida,JPN,semi-finals
2025,WD,4,Baek Ha-na / Lee So-hee,KOR,third round
2025,WD,5,Kim Hye-jeong / Kong Hee-yong,KOR,quarter-finals
2025,WD,6,Jia Yifan / Zhang Shuxian,CHN,quarter-finals
2025,WD,7,Li Yijing / Luo Xumin,CHN,third round
2025,WD,8,Yuki Fukushima / Mayu Matsumoto,JPN,third round
2025,WD,9,Rin Iwanaga / Kie Nakanishi,JPN,semi-finals
2025,WD,10,Febriana Dwipuji Kusuma / Amallia Cahaya Pratiwi,INA,quarter-finals
2025,WD,11,Hsieh Pei-shan / Hung En-tzu,TPE,third round
2025,WD,12,Lanny Tria Mayasari / Siti Fadia Silva Ramadhanti,INA,third round
2025,WD,13,Hsu Yin-hui / Lin Jhih-yun,TPE,third round
2025,WD,14,Chang Ching-hui / Yang Ching-tun,TPE,third round
2025,WD,15,Yeung Nga Ting / Yeung Pui Lam,HKG,third round
2025,WD,16,Go Pei Kee / Teoh Mei Xing,MAS,second round
2025,WS,1,An Se-young,KOR,semi-finals
2025,WS,2,Wang Zhiyi,CHN,third round
2025,WS,3,Han Yue,CHN,quarter-finals
2025,WS,4,Chen Yufei,CHN,final
2025,WS,5,Akane Yamaguchi,JPN,
2025,WS,6,Pornpawee Chochuwong,THA,quarter-finals
2025,WS,7,Gregoria Mariska Tunjung,INA,third round
2025,WS,8,Tomoka Miyazaki,JPN,third round
2025,WS,9,Putri Kusuma Wardani,INA,semi-finals
2025,WS,10,Ratchanok Intanon,THA,first round
2025,WS,11,Supanida Katethong,THA,third round
2025,WS,12,Sim Yu-jin,KOR,quarter-finals
2025,WS,13,Yeo Jia Min,SIN,second round
2025,WS,14,Gao Fangjie,CHN,third round
2025,WS,15,P. V. Sindhu,IND,quarter-finals
2025,WS,16,Michelle Li,CAN,third round
